MSA,Year,Unemployment Rate
"Dallas-Fort Worth-Arlington, TX (MSA)",1990,5.2
"Seattle-Tacoma-Bellevue, WA (MSA)",1990,4.0
"Austin-Round Rock, TX (MSA)",1990,4.9
"Chicago-Naperville-Elgin, IL-IN-WI (MSA)",1990,6.4
"St. Louis, MO-IL (MSA)",1990,6.0
"Tampa-St. Petersburg-Clearwater, FL (MSA)",1990,5.1
"Las Vegas-Henderson-Paradise, NV (MSA)",1990,4.5
"Detroit-Warren-Dearborn, MI (MSA)",1990,7.9
"Denver-Aurora-Lakewood, CO (MSA)",1990,4.5
"Jacksonville, FL (MSA)",1990,5.4
"Atlanta-Sandy Springs-Roswell, GA (MSA)",1990,4.9
"Minneapolis-St. Paul-Bloomington, MN-WI (MSA)",1990,4.0
"Phoenix-Mesa-Scottsdale, AZ (MSA)",1990,4.4
"New York-Newark-Jersey City, NY-NJ-PA (MSA)",1990,5.4
"Kansas City, MO-KS (MSA)",1990,4.9
"Cincinnati, OH-KY-IN (MSA)",1990,4.5
"Miami-Fort Lauderdale-West Palm Beach, FL (MSA)",1990,7.0
"Washington-Arlington-Alexandria, DC-VA-MD-WV (MSA)",1990,3.1
"Portland-Vancouver-Hillsboro, OR-WA (MSA)",1990,4.3
"Los Angeles-Long Beach-Anaheim, CA (MSA)",1990,5.4
"Pittsburgh, PA (MSA)",1990,5.2
"Charlotte-Concord-Gastonia, NC-SC (MSA)",1990,3.5
"Memphis, TN-MS-AR (MSA)",1990,5.0
"San Francisco-Oakland-Hayward, CA (MSA)",1990,3.6
"Orlando-Kissimmee-Sanford, FL (MSA)",1990,5.8
"Cleveland-Elyria, OH (MSA)",1990,5.3
"Indianapolis-Carmel-Anderson, IN (MSA)",1990,3.6
"Raleigh, NC (MSA)",1990,2.9
"San Jose-Sunnyvale-Santa Clara, CA (MSA)",1990,4.1
"Reno, NV (MSA)",1990,4.8
"Birmingham-Hoover, AL (MSA)",1990,5.4
"San Antonio-New Braunfels, TX (MSA)",1990,6.9
"Richmond, VA (MSA)",1990,4.0
"Albuquerque, NM (MSA)",1990,5.6
"Grand Rapids-Wyoming, MI (MSA)",1990,6.1
"Omaha-Council Bluffs, NE-IA (MSA)",1990,2.8
"Baltimore-Columbia-Towson, MD (MSA)",1990,4.8
"Rochester, NY (MSA)",1990,3.8
"San Diego-Carlsbad, CA (MSA)",1990,4.6
"Flint, MI (MSA)",1990,9.5
"Lexington-Fayette, KY (MSA)",1990,4.1
"Tucson, AZ (MSA)",1990,4.5
"Oklahoma City, OK (MSA)",1990,5.1
"Boise City, ID (MSA)",1990,4.6
"Ames, IA (MSA)",1990,3.8
"Madison, WI (MSA)",1990,2.5
"New Orleans-Metairie, LA (MSA)",1990,6.4
"Columbus, OH (MSA)",1990,4.1
"Bismarck, ND (MSA)",1990,4.5
"Philadelphia-Camden-Wilmington, PA-NJ-DE-MD (MSA)",1990,5.0
"Buffalo-Cheektowaga-Niagara Falls, NY (MSA)",1990,5.3
"Visalia-Porterville, CA (MSA)",1990,12.3
"Salt Lake City, UT (MSA)",1990,3.8
"Davenport-Moline-Rock Island, IA-IL (MSA)",1990,4.9
"Dallas-Fort Worth-Arlington, TX (MSA)",1991,6.4
"Seattle-Tacoma-Bellevue, WA (MSA)",1991,4.8
"Austin-Round Rock, TX (MSA)",1991,4.5
"Chicago-Naperville-Elgin, IL-IN-WI (MSA)",1991,7.4
"St. Louis, MO-IL (MSA)",1991,6.8
"Tampa-St. Petersburg-Clearwater, FL (MSA)",1991,6.8
"Las Vegas-Henderson-Paradise, NV (MSA)",1991,6.1
"Detroit-Warren-Dearborn, MI (MSA)",1991,9.8
"Denver-Aurora-Lakewood, CO (MSA)",1991,4.6
"Jacksonville, FL (MSA)",1991,6.6
"Atlanta-Sandy Springs-Roswell, GA (MSA)",1991,5.0
"Minneapolis-St. Paul-Bloomington, MN-WI (MSA)",1991,4.6
"Phoenix-Mesa-Scottsdale, AZ (MSA)",1991,5.1
"New York-Newark-Jersey City, NY-NJ-PA (MSA)",1991,7.3
"Kansas City, MO-KS (MSA)",1991,5.6
"Cincinnati, OH-KY-IN (MSA)",1991,5.3
"Miami-Fort Lauderdale-West Palm Beach, FL (MSA)",1991,8.5
"Washington-Arlington-Alexandria, DC-VA-MD-WV (MSA)",1991,4.5
"Portland-Vancouver-Hillsboro, OR-WA (MSA)",1991,5.2
"Los Angeles-Long Beach-Anaheim, CA (MSA)",1991,7.4
"Pittsburgh, PA (MSA)",1991,6.2
"Charlotte-Concord-Gastonia, NC-SC (MSA)",1991,5.6
"Memphis, TN-MS-AR (MSA)",1991,6.1
"San Francisco-Oakland-Hayward, CA (MSA)",1991,5.1
"Orlando-Kissimmee-Sanford, FL (MSA)",1991,7.2
"Cleveland-Elyria, OH (MSA)",1991,6.3
"Indianapolis-Carmel-Anderson, IN (MSA)",1991,4.3
"Raleigh, NC (MSA)",1991,3.8
"San Jose-Sunnyvale-Santa Clara, CA (MSA)",1991,6.0
"Reno, NV (MSA)",1991,5.3
"Birmingham-Hoover, AL (MSA)",1991,6.0
"San Antonio-New Braunfels, TX (MSA)",1991,6.6
"Richmond, VA (MSA)",1991,5.6
"Albuquerque, NM (MSA)",1991,5.9
"Grand Rapids-Wyoming, MI (MSA)",1991,7.4
"Omaha-Council Bluffs, NE-IA (MSA)",1991,3.2
"Baltimore-Columbia-Towson, MD (MSA)",1991,6.7
"Rochester, NY (MSA)",1991,5.0
"San Diego-Carlsbad, CA (MSA)",1991,6.4
"Flint, MI (MSA)",1991,12.0
"Lexington-Fayette, KY (MSA)",1991,4.1
"Tucson, AZ (MSA)",1991,4.3
"Oklahoma City, OK (MSA)",1991,5.0
"Boise City, ID (MSA)",1991,5.2
"Ames, IA (MSA)",1991,3.9
"Madison, WI (MSA)",1991,3.0
"New Orleans-Metairie, LA (MSA)",1991,7.4
"Columbus, OH (MSA)",1991,4.5
"Bismarck, ND (MSA)",1991,4.8
"Philadelphia-Camden-Wilmington, PA-NJ-DE-MD (MSA)",1991,7.0
"Buffalo-Cheektowaga-Niagara Falls, NY (MSA)",1991,7.1
"Visalia-Porterville, CA (MSA)",1991,18.3
"Salt Lake City, UT (MSA)",1991,4.4
"Davenport-Moline-Rock Island, IA-IL (MSA)",1991,5.9
"Dallas-Fort Worth-Arlington, TX (MSA)",1992,7.0
"Seattle-Tacoma-Bellevue, WA (MSA)",1992,5.9
"Austin-Round Rock, TX (MSA)",1992,4.2
"Chicago-Naperville-Elgin, IL-IN-WI (MSA)",1992,8.0
"St. Louis, MO-IL (MSA)",1992,6.4
"Tampa-St. Petersburg-Clearwater, FL (MSA)",1992,7.5
"Las Vegas-Henderson-Paradise, NV (MSA)",1992,6.8
"Detroit-Warren-Dearborn, MI (MSA)",1992,9.5
"Denver-Aurora-Lakewood, CO (MSA)",1992,5.4
"Jacksonville, FL (MSA)",1992,7.1
"Atlanta-Sandy Springs-Roswell, GA (MSA)",1992,6.2
"Minneapolis-St. Paul-Bloomington, MN-WI (MSA)",1992,4.5
"Phoenix-Mesa-Scottsdale, AZ (MSA)",1992,6.6
"New York-Newark-Jersey City, NY-NJ-PA (MSA)",1992,9.1
"Kansas City, MO-KS (MSA)",1992,5.2
"Cincinnati, OH-KY-IN (MSA)",1992,6.2
"Miami-Fort Lauderdale-West Palm Beach, FL (MSA)",1992,9.3
"Washington-Arlington-Alexandria, DC-VA-MD-WV (MSA)",1992,5.1
"Portland-Vancouver-Hillsboro, OR-WA (MSA)",1992,6.6
"Los Angeles-Long Beach-Anaheim, CA (MSA)",1992,9.1
"Pittsburgh, PA (MSA)",1992,6.9
"Charlotte-Concord-Gastonia, NC-SC (MSA)",1992,6.1
"Memphis, TN-MS-AR (MSA)",1992,6.3
"San Francisco-Oakland-Hayward, CA (MSA)",1992,6.3
"Orlando-Kissimmee-Sanford, FL (MSA)",1992,7.9
"Cleveland-Elyria, OH (MSA)",1992,7.4
"Indianapolis-Carmel-Anderson, IN (MSA)",1992,4.8
"Raleigh, NC (MSA)",1992,4.1
"San Jose-Sunnyvale-Santa Clara, CA (MSA)",1992,7.2
"Reno, NV (MSA)",1992,6.4
"Birmingham-Hoover, AL (MSA)",1992,6.5
"San Antonio-New Braunfels, TX (MSA)",1992,6.2
"Richmond, VA (MSA)",1992,6.5
"Albuquerque, NM (MSA)",1992,5.3
"Grand Rapids-Wyoming, MI (MSA)",1992,7.4
"Omaha-Council Bluffs, NE-IA (MSA)",1992,3.4
"Baltimore-Columbia-Towson, MD (MSA)",1992,7.3
"Rochester, NY (MSA)",1992,5.6
"San Diego-Carlsbad, CA (MSA)",1992,7.3
"Flint, MI (MSA)",1992,12.0
"Lexington-Fayette, KY (MSA)",1992,3.9
"Tucson, AZ (MSA)",1992,5.5
"Oklahoma City, OK (MSA)",1992,5.1
"Boise City, ID (MSA)",1992,5.1
"Ames, IA (MSA)",1992,3.6
"Madison, WI (MSA)",1992,2.7
"New Orleans-Metairie, LA (MSA)",1992,9.0
"Columbus, OH (MSA)",1992,5.4
"Bismarck, ND (MSA)",1992,4.9
"Philadelphia-Camden-Wilmington, PA-NJ-DE-MD (MSA)",1992,7.6
"Buffalo-Cheektowaga-Niagara Falls, NY (MSA)",1992,7.6
"Visalia-Porterville, CA (MSA)",1992,17.6
"Salt Lake City, UT (MSA)",1992,4.5
"Davenport-Moline-Rock Island, IA-IL (MSA)",1992,6.5
"Dallas-Fort Worth-Arlington, TX (MSA)",1993,6.2
"Seattle-Tacoma-Bellevue, WA (MSA)",1993,6.0
"Austin-Round Rock, TX (MSA)",1993,3.6
"Chicago-Naperville-Elgin, IL-IN-WI (MSA)",1993,7.7
"St. Louis, MO-IL (MSA)",1993,6.0
"Tampa-St. Petersburg-Clearwater, FL (MSA)",1993,6.7
"Las Vegas-Henderson-Paradise, NV (MSA)",1993,6.9
"Detroit-Warren-Dearborn, MI (MSA)",1993,7.3
"Denver-Aurora-Lakewood, CO (MSA)",1993,4.9
"Jacksonville, FL (MSA)",1993,5.8
"Atlanta-Sandy Springs-Roswell, GA (MSA)",1993,5.2
"Minneapolis-St. Paul-Bloomington, MN-WI (MSA)",1993,4.2
"Phoenix-Mesa-Scottsdale, AZ (MSA)",1993,5.1
"New York-Newark-Jersey City, NY-NJ-PA (MSA)",1993,8.4
"Kansas City, MO-KS (MSA)",1993,5.1
"Cincinnati, OH-KY-IN (MSA)",1993,6.0
"Miami-Fort Lauderdale-West Palm Beach, FL (MSA)",1993,8.3
"Washington-Arlington-Alexandria, DC-VA-MD-WV (MSA)",1993,4.6
"Portland-Vancouver-Hillsboro, OR-WA (MSA)",1993,5.8
"Los Angeles-Long Beach-Anaheim, CA (MSA)",1993,9.3
"Pittsburgh, PA (MSA)",1993,6.9
"Charlotte-Concord-Gastonia, NC-SC (MSA)",1993,5.0
"Memphis, TN-MS-AR (MSA)",1993,5.8
"San Francisco-Oakland-Hayward, CA (MSA)",1993,6.4
"Orlando-Kissimmee-Sanford, FL (MSA)",1993,6.4
"Cleveland-Elyria, OH (MSA)",1993,6.4
"Indianapolis-Carmel-Anderson, IN (MSA)",1993,4.0
"Raleigh, NC (MSA)",1993,3.3
"San Jose-Sunnyvale-Santa Clara, CA (MSA)",1993,7.2
"Reno, NV (MSA)",1993,6.0
"Birmingham-Hoover, AL (MSA)",1993,5.9
"San Antonio-New Braunfels, TX (MSA)",1993,5.4
"Richmond, VA (MSA)",1993,5.1
"Albuquerque, NM (MSA)",1993,6.5
"Grand Rapids-Wyoming, MI (MSA)",1993,5.8
"Omaha-Council Bluffs, NE-IA (MSA)",1993,3.2
"Baltimore-Columbia-Towson, MD (MSA)",1993,6.8
"Rochester, NY (MSA)",1993,5.0
"San Diego-Carlsbad, CA (MSA)",1993,7.8
"Flint, MI (MSA)",1993,10.3
"Lexington-Fayette, KY (MSA)",1993,3.6
"Tucson, AZ (MSA)",1993,4.1
"Oklahoma City, OK (MSA)",1993,4.6
"Boise City, ID (MSA)",1993,4.8
"Ames, IA (MSA)",1993,3.1
"Madison, WI (MSA)",1993,2.5
"New Orleans-Metairie, LA (MSA)",1993,9.1
"Columbus, OH (MSA)",1993,5.2
"Bismarck, ND (MSA)",1993,4.5
"Philadelphia-Camden-Wilmington, PA-NJ-DE-MD (MSA)",1993,6.8
"Buffalo-Cheektowaga-Niagara Falls, NY (MSA)",1993,6.8
"Visalia-Porterville, CA (MSA)",1993,18.2
"Salt Lake City, UT (MSA)",1993,3.6
"Davenport-Moline-Rock Island, IA-IL (MSA)",1993,5.7
"Dallas-Fort Worth-Arlington, TX (MSA)",1994,5.4
"Seattle-Tacoma-Bellevue, WA (MSA)",1994,5.1
"Austin-Round Rock, TX (MSA)",1994,3.3
"Chicago-Naperville-Elgin, IL-IN-WI (MSA)",1994,6.0
"St. Louis, MO-IL (MSA)",1994,4.9
"Tampa-St. Petersburg-Clearwater, FL (MSA)",1994,5.3
"Las Vegas-Henderson-Paradise, NV (MSA)",1994,6.2
"Detroit-Warren-Dearborn, MI (MSA)",1994,5.7
"Denver-Aurora-Lakewood, CO (MSA)",1994,3.9
"Jacksonville, FL (MSA)",1994,4.8
"Atlanta-Sandy Springs-Roswell, GA (MSA)",1994,4.6
"Minneapolis-St. Paul-Bloomington, MN-WI (MSA)",1994,3.3
"Phoenix-Mesa-Scottsdale, AZ (MSA)",1994,4.6
"New York-Newark-Jersey City, NY-NJ-PA (MSA)",1994,7.2
"Kansas City, MO-KS (MSA)",1994,4.7
"Cincinnati, OH-KY-IN (MSA)",1994,5.1
"Miami-Fort Lauderdale-West Palm Beach, FL (MSA)",1994,7.8
"Washington-Arlington-Alexandria, DC-VA-MD-WV (MSA)",1994,4.1
"Portland-Vancouver-Hillsboro, OR-WA (MSA)",1994,4.3
"Los Angeles-Long Beach-Anaheim, CA (MSA)",1994,8.4
"Pittsburgh, PA (MSA)",1994,6.6
"Charlotte-Concord-Gastonia, NC-SC (MSA)",1994,3.9
"Memphis, TN-MS-AR (MSA)",1994,5.0
"San Francisco-Oakland-Hayward, CA (MSA)",1994,5.9
"Orlando-Kissimmee-Sanford, FL (MSA)",1994,5.6
"Cleveland-Elyria, OH (MSA)",1994,5.6
"Indianapolis-Carmel-Anderson, IN (MSA)",1994,3.9
"Raleigh, NC (MSA)",1994,2.7
"San Jose-Sunnyvale-Santa Clara, CA (MSA)",1994,6.6
"Reno, NV (MSA)",1994,5.3
"Birmingham-Hoover, AL (MSA)",1994,4.7
"San Antonio-New Braunfels, TX (MSA)",1994,4.6
"Richmond, VA (MSA)",1994,4.5
"Albuquerque, NM (MSA)",1994,4.6
"Grand Rapids-Wyoming, MI (MSA)",1994,4.7
"Omaha-Council Bluffs, NE-IA (MSA)",1994,3.0
"Baltimore-Columbia-Towson, MD (MSA)",1994,5.9
"Rochester, NY (MSA)",1994,5.2
"San Diego-Carlsbad, CA (MSA)",1994,7.2
"Flint, MI (MSA)",1994,8.5
"Lexington-Fayette, KY (MSA)",1994,3.4
"Tucson, AZ (MSA)",1994,3.9
"Oklahoma City, OK (MSA)",1994,4.2
"Boise City, ID (MSA)",1994,4.1
"Ames, IA (MSA)",1994,2.9
"Madison, WI (MSA)",1994,2.6
"New Orleans-Metairie, LA (MSA)",1994,8.6
"Columbus, OH (MSA)",1994,4.2
"Bismarck, ND (MSA)",1994,3.9
"Philadelphia-Camden-Wilmington, PA-NJ-DE-MD (MSA)",1994,6.1
"Buffalo-Cheektowaga-Niagara Falls, NY (MSA)",1994,6.1
"Visalia-Porterville, CA (MSA)",1994,16.5
"Salt Lake City, UT (MSA)",1994,3.4
"Davenport-Moline-Rock Island, IA-IL (MSA)",1994,4.6
"Dallas-Fort Worth-Arlington, TX (MSA)",1995,4.8
"Seattle-Tacoma-Bellevue, WA (MSA)",1995,5.0
"Austin-Round Rock, TX (MSA)",1995,3.0
"Chicago-Naperville-Elgin, IL-IN-WI (MSA)",1995,5.4
"St. Louis, MO-IL (MSA)",1995,4.7
"Tampa-St. Petersburg-Clearwater, FL (MSA)",1995,4.4
"Las Vegas-Henderson-Paradise, NV (MSA)",1995,5.6
"Detroit-Warren-Dearborn, MI (MSA)",1995,4.9
"Denver-Aurora-Lakewood, CO (MSA)",1995,3.6
"Jacksonville, FL (MSA)",1995,3.8
"Atlanta-Sandy Springs-Roswell, GA (MSA)",1995,4.2
"Minneapolis-St. Paul-Bloomington, MN-WI (MSA)",1995,2.9
"Phoenix-Mesa-Scottsdale, AZ (MSA)",1995,3.6
"New York-Newark-Jersey City, NY-NJ-PA (MSA)",1995,6.6
"Kansas City, MO-KS (MSA)",1995,4.3
"Cincinnati, OH-KY-IN (MSA)",1995,4.4
"Miami-Fort Lauderdale-West Palm Beach, FL (MSA)",1995,7.0
"Washington-Arlington-Alexandria, DC-VA-MD-WV (MSA)",1995,4.1
"Portland-Vancouver-Hillsboro, OR-WA (MSA)",1995,3.7
"Los Angeles-Long Beach-Anaheim, CA (MSA)",1995,7.4
"Pittsburgh, PA (MSA)",1995,6.0
"Charlotte-Concord-Gastonia, NC-SC (MSA)",1995,3.6
"Memphis, TN-MS-AR (MSA)",1995,5.1
"San Francisco-Oakland-Hayward, CA (MSA)",1995,5.4
"Orlando-Kissimmee-Sanford, FL (MSA)",1995,4.5
"Cleveland-Elyria, OH (MSA)",1995,4.5
"Indianapolis-Carmel-Anderson, IN (MSA)",1995,3.7
"Raleigh, NC (MSA)",1995,2.5
"San Jose-Sunnyvale-Santa Clara, CA (MSA)",1995,5.1
"Reno, NV (MSA)",1995,4.9
"Birmingham-Hoover, AL (MSA)",1995,4.3
"San Antonio-New Braunfels, TX (MSA)",1995,4.4
"Richmond, VA (MSA)",1995,3.8
"Albuquerque, NM (MSA)",1995,4.4
"Grand Rapids-Wyoming, MI (MSA)",1995,3.9
"Omaha-Council Bluffs, NE-IA (MSA)",1995,2.8
"Baltimore-Columbia-Towson, MD (MSA)",1995,5.5
"Rochester, NY (MSA)",1995,4.4
"San Diego-Carlsbad, CA (MSA)",1995,6.3
"Flint, MI (MSA)",1995,6.8
"Lexington-Fayette, KY (MSA)",1995,2.7
"Tucson, AZ (MSA)",1995,3.4
"Oklahoma City, OK (MSA)",1995,3.5
"Boise City, ID (MSA)",1995,4.3
"Ames, IA (MSA)",1995,2.8
"Madison, WI (MSA)",1995,2.3
"New Orleans-Metairie, LA (MSA)",1995,7.7
"Columbus, OH (MSA)",1995,3.5
"Bismarck, ND (MSA)",1995,3.4
"Philadelphia-Camden-Wilmington, PA-NJ-DE-MD (MSA)",1995,5.7
"Buffalo-Cheektowaga-Niagara Falls, NY (MSA)",1995,5.4
"Visalia-Porterville, CA (MSA)",1995,16.7
"Salt Lake City, UT (MSA)",1995,3.0
"Davenport-Moline-Rock Island, IA-IL (MSA)",1995,4.2
"Dallas-Fort Worth-Arlington, TX (MSA)",1996,4.1
"Seattle-Tacoma-Bellevue, WA (MSA)",1996,4.6
"Austin-Round Rock, TX (MSA)",1996,3.1
"Chicago-Naperville-Elgin, IL-IN-WI (MSA)",1996,5.3
"St. Louis, MO-IL (MSA)",1996,4.5
"Tampa-St. Petersburg-Clearwater, FL (MSA)",1996,4.1
"Las Vegas-Henderson-Paradise, NV (MSA)",1996,5.0
"Detroit-Warren-Dearborn, MI (MSA)",1996,4.8
"Denver-Aurora-Lakewood, CO (MSA)",1996,3.8
"Jacksonville, FL (MSA)",1996,3.8
"Atlanta-Sandy Springs-Roswell, GA (MSA)",1996,3.9
"Minneapolis-St. Paul-Bloomington, MN-WI (MSA)",1996,3.0
"Phoenix-Mesa-Scottsdale, AZ (MSA)",1996,3.7
"New York-Newark-Jersey City, NY-NJ-PA (MSA)",1996,6.6
"Kansas City, MO-KS (MSA)",1996,4.2
"Cincinnati, OH-KY-IN (MSA)",1996,4.4
"Miami-Fort Lauderdale-West Palm Beach, FL (MSA)",1996,6.6
"Washington-Arlington-Alexandria, DC-VA-MD-WV (MSA)",1996,3.9
"Portland-Vancouver-Hillsboro, OR-WA (MSA)",1996,4.3
"Los Angeles-Long Beach-Anaheim, CA (MSA)",1996,7.2
"Pittsburgh, PA (MSA)",1996,5.3
"Charlotte-Concord-Gastonia, NC-SC (MSA)",1996,3.8
"Memphis, TN-MS-AR (MSA)",1996,4.5
"San Francisco-Oakland-Hayward, CA (MSA)",1996,4.6
"Orlando-Kissimmee-Sanford, FL (MSA)",1996,4.0
"Cleveland-Elyria, OH (MSA)",1996,3.8
"Indianapolis-Carmel-Anderson, IN (MSA)",1996,3.1
"Raleigh, NC (MSA)",1996,2.3
"San Jose-Sunnyvale-Santa Clara, CA (MSA)",1996,3.9
"Reno, NV (MSA)",1996,4.6
"Birmingham-Hoover, AL (MSA)",1996,3.6
"San Antonio-New Braunfels, TX (MSA)",1996,4.4
"Richmond, VA (MSA)",1996,3.8
"Albuquerque, NM (MSA)",1996,5.0
"Grand Rapids-Wyoming, MI (MSA)",1996,3.9
"Omaha-Council Bluffs, NE-IA (MSA)",1996,2.7
"Baltimore-Columbia-Towson, MD (MSA)",1996,5.4
"Rochester, NY (MSA)",1996,3.9
"San Diego-Carlsbad, CA (MSA)",1996,5.4
"Flint, MI (MSA)",1996,6.1
"Lexington-Fayette, KY (MSA)",1996,2.6
"Tucson, AZ (MSA)",1996,3.8
"Oklahoma City, OK (MSA)",1996,3.3
"Boise City, ID (MSA)",1996,4.1
"Ames, IA (MSA)",1996,2.7
"Madison, WI (MSA)",1996,2.2
"New Orleans-Metairie, LA (MSA)",1996,7.0
"Columbus, OH (MSA)",1996,3.6
"Bismarck, ND (MSA)",1996,3.2
"Philadelphia-Camden-Wilmington, PA-NJ-DE-MD (MSA)",1996,5.5
"Buffalo-Cheektowaga-Niagara Falls, NY (MSA)",1996,5.1
"Visalia-Porterville, CA (MSA)",1996,16.4
"Salt Lake City, UT (MSA)",1996,2.9
"Davenport-Moline-Rock Island, IA-IL (MSA)",1996,4.1
"Dallas-Fort Worth-Arlington, TX (MSA)",1997,3.7
"Seattle-Tacoma-Bellevue, WA (MSA)",1997,3.9
"Austin-Round Rock, TX (MSA)",1997,3.1
"Chicago-Naperville-Elgin, IL-IN-WI (MSA)",1997,4.9
"St. Louis, MO-IL (MSA)",1997,4.1
"Tampa-St. Petersburg-Clearwater, FL (MSA)",1997,3.7
"Las Vegas-Henderson-Paradise, NV (MSA)",1997,4.3
"Detroit-Warren-Dearborn, MI (MSA)",1997,4.2
"Denver-Aurora-Lakewood, CO (MSA)",1997,2.9
"Jacksonville, FL (MSA)",1997,3.9
"Atlanta-Sandy Springs-Roswell, GA (MSA)",1997,3.7
"Minneapolis-St. Paul-Bloomington, MN-WI (MSA)",1997,2.5
"Phoenix-Mesa-Scottsdale, AZ (MSA)",1997,3.0
"New York-Newark-Jersey City, NY-NJ-PA (MSA)",1997,6.5
"Kansas City, MO-KS (MSA)",1997,3.8
"Cincinnati, OH-KY-IN (MSA)",1997,3.9
"Miami-Fort Lauderdale-West Palm Beach, FL (MSA)",1997,6.2
"Washington-Arlington-Alexandria, DC-VA-MD-WV (MSA)",1997,3.5
"Portland-Vancouver-Hillsboro, OR-WA (MSA)",1997,4.1
"Los Angeles-Long Beach-Anaheim, CA (MSA)",1997,6.0
"Pittsburgh, PA (MSA)",1997,5.0
"Charlotte-Concord-Gastonia, NC-SC (MSA)",1997,3.3
"Memphis, TN-MS-AR (MSA)",1997,4.6
"San Francisco-Oakland-Hayward, CA (MSA)",1997,3.9
"Orlando-Kissimmee-Sanford, FL (MSA)",1997,3.6
"Cleveland-Elyria, OH (MSA)",1997,3.7
"Indianapolis-Carmel-Anderson, IN (MSA)",1997,2.7
"Raleigh, NC (MSA)",1997,1.9
"San Jose-Sunnyvale-Santa Clara, CA (MSA)",1997,3.3
"Reno, NV (MSA)",1997,3.9
"Birmingham-Hoover, AL (MSA)",1997,3.6
"San Antonio-New Braunfels, TX (MSA)",1997,4.1
"Richmond, VA (MSA)",1997,3.4
"Albuquerque, NM (MSA)",1997,4.5
"Grand Rapids-Wyoming, MI (MSA)",1997,3.2
"Omaha-Council Bluffs, NE-IA (MSA)",1997,2.6
"Baltimore-Columbia-Towson, MD (MSA)",1997,5.3
"Rochester, NY (MSA)",1997,4.0
"San Diego-Carlsbad, CA (MSA)",1997,4.3
"Flint, MI (MSA)",1997,5.3
"Lexington-Fayette, KY (MSA)",1997,2.5
"Tucson, AZ (MSA)",1997,3.3
"Oklahoma City, OK (MSA)",1997,3.2
"Boise City, ID (MSA)",1997,3.8
"Ames, IA (MSA)",1997,2.6
"Madison, WI (MSA)",1997,2.1
"New Orleans-Metairie, LA (MSA)",1997,5.8
"Columbus, OH (MSA)",1997,3.3
"Bismarck, ND (MSA)",1997,3.0
"Philadelphia-Camden-Wilmington, PA-NJ-DE-MD (MSA)",1997,4.8
"Buffalo-Cheektowaga-Niagara Falls, NY (MSA)",1997,5.3
"Visalia-Porterville, CA (MSA)",1997,15.4
"Salt Lake City, UT (MSA)",1997,2.8
"Davenport-Moline-Rock Island, IA-IL (MSA)",1997,3.3
"Dallas-Fort Worth-Arlington, TX (MSA)",1998,3.4
"Seattle-Tacoma-Bellevue, WA (MSA)",1998,3.7
"Austin-Round Rock, TX (MSA)",1998,2.7
"Chicago-Naperville-Elgin, IL-IN-WI (MSA)",1998,4.6
"St. Louis, MO-IL (MSA)",1998,4.1
"Tampa-St. Petersburg-Clearwater, FL (MSA)",1998,3.3
"Las Vegas-Henderson-Paradise, NV (MSA)",1998,4.0
"Detroit-Warren-Dearborn, MI (MSA)",1998,4.0
"Denver-Aurora-Lakewood, CO (MSA)",1998,3.0
"Jacksonville, FL (MSA)",1998,3.3
"Atlanta-Sandy Springs-Roswell, GA (MSA)",1998,3.3
"Minneapolis-St. Paul-Bloomington, MN-WI (MSA)",1998,2.1
"Phoenix-Mesa-Scottsdale, AZ (MSA)",1998,2.8
"New York-Newark-Jersey City, NY-NJ-PA (MSA)",1998,5.5
"Kansas City, MO-KS (MSA)",1998,3.7
"Cincinnati, OH-KY-IN (MSA)",1998,3.7
"Miami-Fort Lauderdale-West Palm Beach, FL (MSA)",1998,5.5
"Washington-Arlington-Alexandria, DC-VA-MD-WV (MSA)",1998,3.0
"Portland-Vancouver-Hillsboro, OR-WA (MSA)",1998,4.2
"Los Angeles-Long Beach-Anaheim, CA (MSA)",1998,5.7
"Pittsburgh, PA (MSA)",1998,4.7
"Charlotte-Concord-Gastonia, NC-SC (MSA)",1998,2.9
"Memphis, TN-MS-AR (MSA)",1998,3.9
"San Francisco-Oakland-Hayward, CA (MSA)",1998,3.5
"Orlando-Kissimmee-Sanford, FL (MSA)",1998,3.2
"Cleveland-Elyria, OH (MSA)",1998,2.6
"Indianapolis-Carmel-Anderson, IN (MSA)",1998,2.4
"Raleigh, NC (MSA)",1998,1.8
"San Jose-Sunnyvale-Santa Clara, CA (MSA)",1998,3.4
"Reno, NV (MSA)",1998,3.7
"Birmingham-Hoover, AL (MSA)",1998,3.3
"San Antonio-New Braunfels, TX (MSA)",1998,3.8
"Richmond, VA (MSA)",1998,2.6
"Albuquerque, NM (MSA)",1998,4.6
"Grand Rapids-Wyoming, MI (MSA)",1998,2.8
"Omaha-Council Bluffs, NE-IA (MSA)",1998,2.4
"Baltimore-Columbia-Towson, MD (MSA)",1998,4.8
"Rochester, NY (MSA)",1998,3.9
"San Diego-Carlsbad, CA (MSA)",1998,3.5
"Flint, MI (MSA)",1998,5.6
"Lexington-Fayette, KY (MSA)",1998,2.1
"Tucson, AZ (MSA)",1998,2.8
"Oklahoma City, OK (MSA)",1998,3.4
"Boise City, ID (MSA)",1998,3.9
"Ames, IA (MSA)",1998,2.6
"Madison, WI (MSA)",1998,1.9
"New Orleans-Metairie, LA (MSA)",1998,5.4
"Columbus, OH (MSA)",1998,3.2
"Bismarck, ND (MSA)",1998,3.0
"Philadelphia-Camden-Wilmington, PA-NJ-DE-MD (MSA)",1998,4.3
"Buffalo-Cheektowaga-Niagara Falls, NY (MSA)",1998,5.4
"Visalia-Porterville, CA (MSA)",1998,15.7
"Salt Lake City, UT (MSA)",1998,3.2
"Davenport-Moline-Rock Island, IA-IL (MSA)",1998,3.1
"Dallas-Fort Worth-Arlington, TX (MSA)",1999,3.2
"Seattle-Tacoma-Bellevue, WA (MSA)",1999,3.7
"Austin-Round Rock, TX (MSA)",1999,2.3
"Chicago-Naperville-Elgin, IL-IN-WI (MSA)",1999,4.4
"St. Louis, MO-IL (MSA)",1999,3.5
"Tampa-St. Petersburg-Clearwater, FL (MSA)",1999,2.9
"Las Vegas-Henderson-Paradise, NV (MSA)",1999,3.9
"Detroit-Warren-Dearborn, MI (MSA)",1999,3.8
"Denver-Aurora-Lakewood, CO (MSA)",1999,2.5
"Jacksonville, FL (MSA)",1999,3.2
"Atlanta-Sandy Springs-Roswell, GA (MSA)",1999,3.0
"Minneapolis-St. Paul-Bloomington, MN-WI (MSA)",1999,2.2
"Phoenix-Mesa-Scottsdale, AZ (MSA)",1999,3.1
"New York-Newark-Jersey City, NY-NJ-PA (MSA)",1999,5.0
"Kansas City, MO-KS (MSA)",1999,3.1
"Cincinnati, OH-KY-IN (MSA)",1999,3.7
"Miami-Fort Lauderdale-West Palm Beach, FL (MSA)",1999,4.8
"Washington-Arlington-Alexandria, DC-VA-MD-WV (MSA)",1999,2.6
"Portland-Vancouver-Hillsboro, OR-WA (MSA)",1999,4.4
"Los Angeles-Long Beach-Anaheim, CA (MSA)",1999,5.1
"Pittsburgh, PA (MSA)",1999,4.5
"Charlotte-Concord-Gastonia, NC-SC (MSA)",1999,2.7
"Memphis, TN-MS-AR (MSA)",1999,3.7
"San Francisco-Oakland-Hayward, CA (MSA)",1999,3.0
"Orlando-Kissimmee-Sanford, FL (MSA)",1999,2.9
"Cleveland-Elyria, OH (MSA)",1999,3.0
"Indianapolis-Carmel-Anderson, IN (MSA)",1999,2.3
"Raleigh, NC (MSA)",1999,1.6
"San Jose-Sunnyvale-Santa Clara, CA (MSA)",1999,3.2
"Reno, NV (MSA)",1999,3.3
"Birmingham-Hoover, AL (MSA)",1999,3.3
"San Antonio-New Braunfels, TX (MSA)",1999,3.2
"Richmond, VA (MSA)",1999,2.3
"Albuquerque, NM (MSA)",1999,3.9
"Grand Rapids-Wyoming, MI (MSA)",1999,2.9
"Omaha-Council Bluffs, NE-IA (MSA)",1999,2.5
"Baltimore-Columbia-Towson, MD (MSA)",1999,3.9
"Rochester, NY (MSA)",1999,4.1
"San Diego-Carlsbad, CA (MSA)",1999,3.1
"Flint, MI (MSA)",1999,5.1
"Lexington-Fayette, KY (MSA)",1999,2.0
"Tucson, AZ (MSA)",1999,3.2
"Oklahoma City, OK (MSA)",1999,2.6
"Boise City, ID (MSA)",1999,3.7
"Ames, IA (MSA)",1999,2.2
"Madison, WI (MSA)",1999,1.8
"New Orleans-Metairie, LA (MSA)",1999,4.8
"Columbus, OH (MSA)",1999,3.1
"Bismarck, ND (MSA)",1999,2.9
"Philadelphia-Camden-Wilmington, PA-NJ-DE-MD (MSA)",1999,4.1
"Buffalo-Cheektowaga-Niagara Falls, NY (MSA)",1999,5.3
"Visalia-Porterville, CA (MSA)",1999,16.7
"Salt Lake City, UT (MSA)",1999,3.2
"Davenport-Moline-Rock Island, IA-IL (MSA)",1999,4.3
"Dallas-Fort Worth-Arlington, TX (MSA)",2000,3.6
"Seattle-Tacoma-Bellevue, WA (MSA)",2000,4.2
"Austin-Round Rock, TX (MSA)",2000,3.1
"Chicago-Naperville-Elgin, IL-IN-WI (MSA)",2000,4.4
"St. Louis, MO-IL (MSA)",2000,3.6
"Tampa-St. Petersburg-Clearwater, FL (MSA)",2000,3.4
"Las Vegas-Henderson-Paradise, NV (MSA)",2000,4.2
"Detroit-Warren-Dearborn, MI (MSA)",2000,3.4
"Denver-Aurora-Lakewood, CO (MSA)",2000,2.6
"Jacksonville, FL (MSA)",2000,3.3
"Atlanta-Sandy Springs-Roswell, GA (MSA)",2000,3.1
"Minneapolis-St. Paul-Bloomington, MN-WI (MSA)",2000,2.6
"Phoenix-Mesa-Scottsdale, AZ (MSA)",2000,3.3
"New York-Newark-Jersey City, NY-NJ-PA (MSA)",2000,4.4
"Kansas City, MO-KS (MSA)",2000,3.4
"Cincinnati, OH-KY-IN (MSA)",2000,3.8
"Miami-Fort Lauderdale-West Palm Beach, FL (MSA)",2000,4.1
"Washington-Arlington-Alexandria, DC-VA-MD-WV (MSA)",2000,2.7
"Portland-Vancouver-Hillsboro, OR-WA (MSA)",2000,4.5
"Los Angeles-Long Beach-Anaheim, CA (MSA)",2000,4.9
"Pittsburgh, PA (MSA)",2000,4.4
"Charlotte-Concord-Gastonia, NC-SC (MSA)",2000,3.5
"Memphis, TN-MS-AR (MSA)",2000,3.7
"San Francisco-Oakland-Hayward, CA (MSA)",2000,3.3
"Orlando-Kissimmee-Sanford, FL (MSA)",2000,3.2
"Cleveland-Elyria, OH (MSA)",2000,2.9
"Indianapolis-Carmel-Anderson, IN (MSA)",2000,2.5
"Raleigh, NC (MSA)",2000,2.5
"San Jose-Sunnyvale-Santa Clara, CA (MSA)",2000,3.1
"Reno, NV (MSA)",2000,3.4
"Birmingham-Hoover, AL (MSA)",2000,3.9
"San Antonio-New Braunfels, TX (MSA)",2000,4.0
"Richmond, VA (MSA)",2000,2.0
"Albuquerque, NM (MSA)",2000,4.2
"Grand Rapids-Wyoming, MI (MSA)",2000,3.2
"Omaha-Council Bluffs, NE-IA (MSA)",2000,2.8
"Baltimore-Columbia-Towson, MD (MSA)",2000,3.8
"Rochester, NY (MSA)",2000,3.6
"San Diego-Carlsbad, CA (MSA)",2000,3.9
"Flint, MI (MSA)",2000,4.6
"Lexington-Fayette, KY (MSA)",2000,3.0
"Tucson, AZ (MSA)",2000,3.7
"Oklahoma City, OK (MSA)",2000,2.6
"Boise City, ID (MSA)",2000,3.7
"Ames, IA (MSA)",2000,1.8
"Madison, WI (MSA)",2000,2.5
"New Orleans-Metairie, LA (MSA)",2000,4.9
"Columbus, OH (MSA)",2000,3.5
"Bismarck, ND (MSA)",2000,2.6
"Philadelphia-Camden-Wilmington, PA-NJ-DE-MD (MSA)",2000,3.9
"Buffalo-Cheektowaga-Niagara Falls, NY (MSA)",2000,4.3
"Visalia-Porterville, CA (MSA)",2000,10.3
"Salt Lake City, UT (MSA)",2000,3.2
"Davenport-Moline-Rock Island, IA-IL (MSA)",2000,4.0
"Dallas-Fort Worth-Arlington, TX (MSA)",2001,4.7
"Seattle-Tacoma-Bellevue, WA (MSA)",2001,5.0
"Austin-Round Rock, TX (MSA)",2001,4.3
"Chicago-Naperville-Elgin, IL-IN-WI (MSA)",2001,5.5
"St. Louis, MO-IL (MSA)",2001,4.5
"Tampa-St. Petersburg-Clearwater, FL (MSA)",2001,4.3
"Las Vegas-Henderson-Paradise, NV (MSA)",2001,5.4
"Detroit-Warren-Dearborn, MI (MSA)",2001,5.1
"Denver-Aurora-Lakewood, CO (MSA)",2001,3.8
"Jacksonville, FL (MSA)",2001,4.1
"Atlanta-Sandy Springs-Roswell, GA (MSA)",2001,3.7
"Minneapolis-St. Paul-Bloomington, MN-WI (MSA)",2001,3.5
"Phoenix-Mesa-Scottsdale, AZ (MSA)",2001,4.2
"New York-Newark-Jersey City, NY-NJ-PA (MSA)",2001,4.8
"Kansas City, MO-KS (MSA)",2001,4.4
"Cincinnati, OH-KY-IN (MSA)",2001,4.1
"Miami-Fort Lauderdale-West Palm Beach, FL (MSA)",2001,4.6
"Washington-Arlington-Alexandria, DC-VA-MD-WV (MSA)",2001,3.5
"Portland-Vancouver-Hillsboro, OR-WA (MSA)",2001,6.0
"Los Angeles-Long Beach-Anaheim, CA (MSA)",2001,5.3
"Pittsburgh, PA (MSA)",2001,4.8
"Charlotte-Concord-Gastonia, NC-SC (MSA)",2001,5.3
"Memphis, TN-MS-AR (MSA)",2001,4.3
"San Francisco-Oakland-Hayward, CA (MSA)",2001,4.5
"Orlando-Kissimmee-Sanford, FL (MSA)",2001,4.2
"Cleveland-Elyria, OH (MSA)",2001,3.5
"Indianapolis-Carmel-Anderson, IN (MSA)",2001,3.5
"Raleigh, NC (MSA)",2001,4.1
"San Jose-Sunnyvale-Santa Clara, CA (MSA)",2001,5.1
"Reno, NV (MSA)",2001,4.3
"Birmingham-Hoover, AL (MSA)",2001,4.3
"San Antonio-New Braunfels, TX (MSA)",2001,4.5
"Richmond, VA (MSA)",2001,3.2
"Albuquerque, NM (MSA)",2001,4.3
"Grand Rapids-Wyoming, MI (MSA)",2001,4.7
"Omaha-Council Bluffs, NE-IA (MSA)",2001,3.3
"Baltimore-Columbia-Towson, MD (MSA)",2001,4.4
"Rochester, NY (MSA)",2001,4.2
"San Diego-Carlsbad, CA (MSA)",2001,4.2
"Flint, MI (MSA)",2001,6.2
"Lexington-Fayette, KY (MSA)",2001,3.9
"Tucson, AZ (MSA)",2001,4.3
"Oklahoma City, OK (MSA)",2001,3.6
"Boise City, ID (MSA)",2001,4.3
"Ames, IA (MSA)",2001,2.1
"Madison, WI (MSA)",2001,3.0
"New Orleans-Metairie, LA (MSA)",2001,5.2
"Columbus, OH (MSA)",2001,3.6
"Bismarck, ND (MSA)",2001,2.6
"Philadelphia-Camden-Wilmington, PA-NJ-DE-MD (MSA)",2001,4.3
"Buffalo-Cheektowaga-Niagara Falls, NY (MSA)",2001,4.8
"Visalia-Porterville, CA (MSA)",2001,11.5
"Salt Lake City, UT (MSA)",2001,4.4
"Davenport-Moline-Rock Island, IA-IL (MSA)",2001,4.4
"Dallas-Fort Worth-Arlington, TX (MSA)",2002,6.5
"Seattle-Tacoma-Bellevue, WA (MSA)",2002,6.3
"Austin-Round Rock, TX (MSA)",2002,5.9
"Chicago-Naperville-Elgin, IL-IN-WI (MSA)",2002,6.9
"St. Louis, MO-IL (MSA)",2002,5.3
"Tampa-St. Petersburg-Clearwater, FL (MSA)",2002,5.1
"Las Vegas-Henderson-Paradise, NV (MSA)",2002,5.9
"Detroit-Warren-Dearborn, MI (MSA)",2002,6.2
"Denver-Aurora-Lakewood, CO (MSA)",2002,5.9
"Jacksonville, FL (MSA)",2002,4.8
"Atlanta-Sandy Springs-Roswell, GA (MSA)",2002,5.3
"Minneapolis-St. Paul-Bloomington, MN-WI (MSA)",2002,4.3
"Phoenix-Mesa-Scottsdale, AZ (MSA)",2002,5.7
"New York-Newark-Jersey City, NY-NJ-PA (MSA)",2002,6.4
"Kansas City, MO-KS (MSA)",2002,5.5
"Cincinnati, OH-KY-IN (MSA)",2002,5.3
"Miami-Fort Lauderdale-West Palm Beach, FL (MSA)",2002,4.9
"Washington-Arlington-Alexandria, DC-VA-MD-WV (MSA)",2002,4.2
"Portland-Vancouver-Hillsboro, OR-WA (MSA)",2002,7.7
"Los Angeles-Long Beach-Anaheim, CA (MSA)",2002,6.4
"Pittsburgh, PA (MSA)",2002,5.6
"Charlotte-Concord-Gastonia, NC-SC (MSA)",2002,6.6
"Memphis, TN-MS-AR (MSA)",2002,5.2
"San Francisco-Oakland-Hayward, CA (MSA)",2002,6.3
"Orlando-Kissimmee-Sanford, FL (MSA)",2002,5.1
"Cleveland-Elyria, OH (MSA)",2002,4.8
"Indianapolis-Carmel-Anderson, IN (MSA)",2002,4.7
"Raleigh, NC (MSA)",2002,6.0
"San Jose-Sunnyvale-Santa Clara, CA (MSA)",2002,8.4
"Reno, NV (MSA)",2002,4.9
"Birmingham-Hoover, AL (MSA)",2002,5.0
"San Antonio-New Braunfels, TX (MSA)",2002,5.7
"Richmond, VA (MSA)",2002,4.3
"Albuquerque, NM (MSA)",2002,5.1
"Grand Rapids-Wyoming, MI (MSA)",2002,5.9
"Omaha-Council Bluffs, NE-IA (MSA)",2002,3.9
"Baltimore-Columbia-Towson, MD (MSA)",2002,5.1
"Rochester, NY (MSA)",2002,5.5
"San Diego-Carlsbad, CA (MSA)",2002,5.2
"Flint, MI (MSA)",2002,7.4
"Lexington-Fayette, KY (MSA)",2002,4.5
"Tucson, AZ (MSA)",2002,5.8
"Oklahoma City, OK (MSA)",2002,4.3
"Boise City, ID (MSA)",2002,5.3
"Ames, IA (MSA)",2002,2.6
"Madison, WI (MSA)",2002,3.7
"New Orleans-Metairie, LA (MSA)",2002,5.6
"Columbus, OH (MSA)",2002,5.2
"Bismarck, ND (MSA)",2002,3.1
"Philadelphia-Camden-Wilmington, PA-NJ-DE-MD (MSA)",2002,5.3
"Buffalo-Cheektowaga-Niagara Falls, NY (MSA)",2002,5.6
"Visalia-Porterville, CA (MSA)",2002,12.0
"Salt Lake City, UT (MSA)",2002,5.8
"Davenport-Moline-Rock Island, IA-IL (MSA)",2002,5.1
"Dallas-Fort Worth-Arlington, TX (MSA)",2003,6.6
"Seattle-Tacoma-Bellevue, WA (MSA)",2003,6.4
"Austin-Round Rock, TX (MSA)",2003,6.0
"Chicago-Naperville-Elgin, IL-IN-WI (MSA)",2003,6.8
"St. Louis, MO-IL (MSA)",2003,5.9
"Tampa-St. Petersburg-Clearwater, FL (MSA)",2003,4.7
"Las Vegas-Henderson-Paradise, NV (MSA)",2003,5.4
"Detroit-Warren-Dearborn, MI (MSA)",2003,7.2
"Denver-Aurora-Lakewood, CO (MSA)",2003,6.4
"Jacksonville, FL (MSA)",2003,4.5
"Atlanta-Sandy Springs-Roswell, GA (MSA)",2003,5.2
"Minneapolis-St. Paul-Bloomington, MN-WI (MSA)",2003,4.6
"Phoenix-Mesa-Scottsdale, AZ (MSA)",2003,5.3
"New York-Newark-Jersey City, NY-NJ-PA (MSA)",2003,6.5
"Kansas City, MO-KS (MSA)",2003,6.1
"Cincinnati, OH-KY-IN (MSA)",2003,5.5
"Miami-Fort Lauderdale-West Palm Beach, FL (MSA)",2003,4.4
"Washington-Arlington-Alexandria, DC-VA-MD-WV (MSA)",2003,4.1
"Portland-Vancouver-Hillsboro, OR-WA (MSA)",2003,8.2
"Los Angeles-Long Beach-Anaheim, CA (MSA)",2003,6.5
"Pittsburgh, PA (MSA)",2003,5.9
"Charlotte-Concord-Gastonia, NC-SC (MSA)",2003,6.9
"Memphis, TN-MS-AR (MSA)",2003,5.7
"San Francisco-Oakland-Hayward, CA (MSA)",2003,6.4
"Orlando-Kissimmee-Sanford, FL (MSA)",2003,4.6
"Cleveland-Elyria, OH (MSA)",2003,5.4
"Indianapolis-Carmel-Anderson, IN (MSA)",2003,4.8
"Raleigh, NC (MSA)",2003,5.6
"San Jose-Sunnyvale-Santa Clara, CA (MSA)",2003,8.5
"Reno, NV (MSA)",2003,4.6
"Birmingham-Hoover, AL (MSA)",2003,5.1
"San Antonio-New Braunfels, TX (MSA)",2003,6.1
"Richmond, VA (MSA)",2003,4.4
"Albuquerque, NM (MSA)",2003,5.4
"Grand Rapids-Wyoming, MI (MSA)",2003,6.8
"Omaha-Council Bluffs, NE-IA (MSA)",2003,4.3
"Baltimore-Columbia-Towson, MD (MSA)",2003,5.2
"Rochester, NY (MSA)",2003,5.6
"San Diego-Carlsbad, CA (MSA)",2003,5.3
"Flint, MI (MSA)",2003,8.2
"Lexington-Fayette, KY (MSA)",2003,4.8
"Tucson, AZ (MSA)",2003,5.4
"Oklahoma City, OK (MSA)",2003,5.0
"Boise City, ID (MSA)",2003,5.3
"Ames, IA (MSA)",2003,2.8
"Madison, WI (MSA)",2003,3.9
"New Orleans-Metairie, LA (MSA)",2003,5.6
"Columbus, OH (MSA)",2003,5.6
"Bismarck, ND (MSA)",2003,3.1
"Philadelphia-Camden-Wilmington, PA-NJ-DE-MD (MSA)",2003,5.5
"Buffalo-Cheektowaga-Niagara Falls, NY (MSA)",2003,6.0
"Visalia-Porterville, CA (MSA)",2003,12.4
"Salt Lake City, UT (MSA)",2003,5.7
"Davenport-Moline-Rock Island, IA-IL (MSA)",2003,5.5
"Dallas-Fort Worth-Arlington, TX (MSA)",2004,5.8
"Seattle-Tacoma-Bellevue, WA (MSA)",2004,5.5
"Austin-Round Rock, TX (MSA)",2004,5.1
"Chicago-Naperville-Elgin, IL-IN-WI (MSA)",2004,6.3
"St. Louis, MO-IL (MSA)",2004,6.0
"Tampa-St. Petersburg-Clearwater, FL (MSA)",2004,3.8
"Las Vegas-Henderson-Paradise, NV (MSA)",2004,4.5
"Detroit-Warren-Dearborn, MI (MSA)",2004,7.2
"Denver-Aurora-Lakewood, CO (MSA)",2004,5.8
"Jacksonville, FL (MSA)",2004,3.9
"Atlanta-Sandy Springs-Roswell, GA (MSA)",2004,5.1
"Minneapolis-St. Paul-Bloomington, MN-WI (MSA)",2004,4.4
"Phoenix-Mesa-Scottsdale, AZ (MSA)",2004,4.5
"New York-Newark-Jersey City, NY-NJ-PA (MSA)",2004,5.6
"Kansas City, MO-KS (MSA)",2004,6.2
"Cincinnati, OH-KY-IN (MSA)",2004,5.5
"Miami-Fort Lauderdale-West Palm Beach, FL (MSA)",2004,3.7
"Washington-Arlington-Alexandria, DC-VA-MD-WV (MSA)",2004,4.0
"Portland-Vancouver-Hillsboro, OR-WA (MSA)",2004,7.1
"Los Angeles-Long Beach-Anaheim, CA (MSA)",2004,5.9
"Pittsburgh, PA (MSA)",2004,5.6
"Charlotte-Concord-Gastonia, NC-SC (MSA)",2004,6.3
"Memphis, TN-MS-AR (MSA)",2004,5.8
"San Francisco-Oakland-Hayward, CA (MSA)",2004,5.5
"Orlando-Kissimmee-Sanford, FL (MSA)",2004,3.7
"Cleveland-Elyria, OH (MSA)",2004,5.3
"Indianapolis-Carmel-Anderson, IN (MSA)",2004,4.9
"Raleigh, NC (MSA)",2004,4.7
"San Jose-Sunnyvale-Santa Clara, CA (MSA)",2004,6.5
"Reno, NV (MSA)",2004,4.1
"Birmingham-Hoover, AL (MSA)",2004,4.9
"San Antonio-New Braunfels, TX (MSA)",2004,5.6
"Richmond, VA (MSA)",2004,4.3
"Albuquerque, NM (MSA)",2004,5.2
"Grand Rapids-Wyoming, MI (MSA)",2004,6.2
"Omaha-Council Bluffs, NE-IA (MSA)",2004,4.3
"Baltimore-Columbia-Towson, MD (MSA)",2004,5.0
"Rochester, NY (MSA)",2004,5.3
"San Diego-Carlsbad, CA (MSA)",2004,4.7
"Flint, MI (MSA)",2004,8.0
"Lexington-Fayette, KY (MSA)",2004,4.3
"Tucson, AZ (MSA)",2004,4.6
"Oklahoma City, OK (MSA)",2004,4.3
"Boise City, ID (MSA)",2004,4.5
"Ames, IA (MSA)",2004,3.0
"Madison, WI (MSA)",2004,3.4
"New Orleans-Metairie, LA (MSA)",2004,5.1
"Columbus, OH (MSA)",2004,5.8
"Bismarck, ND (MSA)",2004,3.1
"Philadelphia-Camden-Wilmington, PA-NJ-DE-MD (MSA)",2004,5.1
"Buffalo-Cheektowaga-Niagara Falls, NY (MSA)",2004,5.9
"Visalia-Porterville, CA (MSA)",2004,11.6
"Salt Lake City, UT (MSA)",2004,5.1
"Davenport-Moline-Rock Island, IA-IL (MSA)",2004,5.1
"Dallas-Fort Worth-Arlington, TX (MSA)",2005,5.3
"Seattle-Tacoma-Bellevue, WA (MSA)",2005,4.8
"Austin-Round Rock, TX (MSA)",2005,4.6
"Chicago-Naperville-Elgin, IL-IN-WI (MSA)",2005,5.9
"St. Louis, MO-IL (MSA)",2005,5.5
"Tampa-St. Petersburg-Clearwater, FL (MSA)",2005,3.1
"Las Vegas-Henderson-Paradise, NV (MSA)",2005,4.1
"Detroit-Warren-Dearborn, MI (MSA)",2005,7.0
"Denver-Aurora-Lakewood, CO (MSA)",2005,5.2
"Jacksonville, FL (MSA)",2005,2.9
"Atlanta-Sandy Springs-Roswell, GA (MSA)",2005,5.7
"Minneapolis-St. Paul-Bloomington, MN-WI (MSA)",2005,3.9
"Phoenix-Mesa-Scottsdale, AZ (MSA)",2005,4.1
"New York-Newark-Jersey City, NY-NJ-PA (MSA)",2005,4.8
"Kansas City, MO-KS (MSA)",2005,5.7
"Cincinnati, OH-KY-IN (MSA)",2005,5.5
"Miami-Fort Lauderdale-West Palm Beach, FL (MSA)",2005,2.8
"Washington-Arlington-Alexandria, DC-VA-MD-WV (MSA)",2005,3.7
"Portland-Vancouver-Hillsboro, OR-WA (MSA)",2005,5.9
"Los Angeles-Long Beach-Anaheim, CA (MSA)",2005,4.9
"Pittsburgh, PA (MSA)",2005,5.3
"Charlotte-Concord-Gastonia, NC-SC (MSA)",2005,5.8
"Memphis, TN-MS-AR (MSA)",2005,6.1
"San Francisco-Oakland-Hayward, CA (MSA)",2005,4.8
"Orlando-Kissimmee-Sanford, FL (MSA)",2005,2.8
"Cleveland-Elyria, OH (MSA)",2005,5.1
"Indianapolis-Carmel-Anderson, IN (MSA)",2005,5.0
"Raleigh, NC (MSA)",2005,4.5
"San Jose-Sunnyvale-Santa Clara, CA (MSA)",2005,5.4
"Reno, NV (MSA)",2005,4.0
"Birmingham-Hoover, AL (MSA)",2005,4.1
"San Antonio-New Braunfels, TX (MSA)",2005,5.1
"Richmond, VA (MSA)",2005,4.1
"Albuquerque, NM (MSA)",2005,4.9
"Grand Rapids-Wyoming, MI (MSA)",2005,5.8
"Omaha-Council Bluffs, NE-IA (MSA)",2005,4.3
"Baltimore-Columbia-Towson, MD (MSA)",2005,4.8
"Rochester, NY (MSA)",2005,4.6
"San Diego-Carlsbad, CA (MSA)",2005,4.3
"Flint, MI (MSA)",2005,7.9
"Lexington-Fayette, KY (MSA)",2005,4.6
"Tucson, AZ (MSA)",2005,4.5
"Oklahoma City, OK (MSA)",2005,4.2
"Boise City, ID (MSA)",2005,3.6
"Ames, IA (MSA)",2005,3.1
"Madison, WI (MSA)",2005,3.4
"New Orleans-Metairie, LA (MSA)",2005,8.0
"Columbus, OH (MSA)",2005,5.5
"Bismarck, ND (MSA)",2005,3.1
"Philadelphia-Camden-Wilmington, PA-NJ-DE-MD (MSA)",2005,4.8
"Buffalo-Cheektowaga-Niagara Falls, NY (MSA)",2005,5.3
"Visalia-Porterville, CA (MSA)",2005,9.4
"Salt Lake City, UT (MSA)",2005,4.0
"Davenport-Moline-Rock Island, IA-IL (MSA)",2005,4.5
"Dallas-Fort Worth-Arlington, TX (MSA)",2006,4.8
"Seattle-Tacoma-Bellevue, WA (MSA)",2006,4.1
"Austin-Round Rock, TX (MSA)",2006,4.2
"Chicago-Naperville-Elgin, IL-IN-WI (MSA)",2006,4.6
"St. Louis, MO-IL (MSA)",2006,5.0
"Tampa-St. Petersburg-Clearwater, FL (MSA)",2006,2.7
"Las Vegas-Henderson-Paradise, NV (MSA)",2006,4.0
"Detroit-Warren-Dearborn, MI (MSA)",2006,7.1
"Denver-Aurora-Lakewood, CO (MSA)",2006,4.3
"Jacksonville, FL (MSA)",2006,2.5
"Atlanta-Sandy Springs-Roswell, GA (MSA)",2006,5.0
"Minneapolis-St. Paul-Bloomington, MN-WI (MSA)",2006,3.8
"Phoenix-Mesa-Scottsdale, AZ (MSA)",2006,3.7
"New York-Newark-Jersey City, NY-NJ-PA (MSA)",2006,4.5
"Kansas City, MO-KS (MSA)",2006,5.1
"Cincinnati, OH-KY-IN (MSA)",2006,5.2
"Miami-Fort Lauderdale-West Palm Beach, FL (MSA)",2006,2.4
"Washington-Arlington-Alexandria, DC-VA-MD-WV (MSA)",2006,3.4
"Portland-Vancouver-Hillsboro, OR-WA (MSA)",2006,5.1
"Los Angeles-Long Beach-Anaheim, CA (MSA)",2006,4.4
"Pittsburgh, PA (MSA)",2006,4.8
"Charlotte-Concord-Gastonia, NC-SC (MSA)",2006,5.3
"Memphis, TN-MS-AR (MSA)",2006,5.7
"San Francisco-Oakland-Hayward, CA (MSA)",2006,4.2
"Orlando-Kissimmee-Sanford, FL (MSA)",2006,2.4
"Cleveland-Elyria, OH (MSA)",2006,4.9
"Indianapolis-Carmel-Anderson, IN (MSA)",2006,4.5
"Raleigh, NC (MSA)",2006,4.0
"San Jose-Sunnyvale-Santa Clara, CA (MSA)",2006,4.5
"Reno, NV (MSA)",2006,3.8
"Birmingham-Hoover, AL (MSA)",2006,3.7
"San Antonio-New Braunfels, TX (MSA)",2006,4.7
"Richmond, VA (MSA)",2006,3.5
"Albuquerque, NM (MSA)",2006,4.0
"Grand Rapids-Wyoming, MI (MSA)",2006,6.1
"Omaha-Council Bluffs, NE-IA (MSA)",2006,3.4
"Baltimore-Columbia-Towson, MD (MSA)",2006,4.4
"Rochester, NY (MSA)",2006,4.4
"San Diego-Carlsbad, CA (MSA)",2006,4.0
"Flint, MI (MSA)",2006,8.5
"Lexington-Fayette, KY (MSA)",2006,4.5
"Tucson, AZ (MSA)",2006,4.1
"Oklahoma City, OK (MSA)",2006,3.9
"Boise City, ID (MSA)",2006,3.0
"Ames, IA (MSA)",2006,2.6
"Madison, WI (MSA)",2006,3.4
"New Orleans-Metairie, LA (MSA)",2006,4.5
"Columbus, OH (MSA)",2006,4.8
"Bismarck, ND (MSA)",2006,2.8
"Philadelphia-Camden-Wilmington, PA-NJ-DE-MD (MSA)",2006,4.6
"Buffalo-Cheektowaga-Niagara Falls, NY (MSA)",2006,5.0
"Visalia-Porterville, CA (MSA)",2006,8.5
"Salt Lake City, UT (MSA)",2006,2.8
"Davenport-Moline-Rock Island, IA-IL (MSA)",2006,4.1
"Dallas-Fort Worth-Arlington, TX (MSA)",2007,4.3
"Seattle-Tacoma-Bellevue, WA (MSA)",2007,3.6
"Austin-Round Rock, TX (MSA)",2007,3.7
"Chicago-Naperville-Elgin, IL-IN-WI (MSA)",2007,5.0
"St. Louis, MO-IL (MSA)",2007,5.3
"Tampa-St. Petersburg-Clearwater, FL (MSA)",2007,3.6
"Las Vegas-Henderson-Paradise, NV (MSA)",2007,4.6
"Detroit-Warren-Dearborn, MI (MSA)",2007,7.3
"Denver-Aurora-Lakewood, CO (MSA)",2007,3.8
"Jacksonville, FL (MSA)",2007,3.2
"Atlanta-Sandy Springs-Roswell, GA (MSA)",2007,4.8
"Minneapolis-St. Paul-Bloomington, MN-WI (MSA)",2007,4.4
"Phoenix-Mesa-Scottsdale, AZ (MSA)",2007,3.3
"New York-Newark-Jersey City, NY-NJ-PA (MSA)",2007,4.3
"Kansas City, MO-KS (MSA)",2007,5.1
"Cincinnati, OH-KY-IN (MSA)",2007,5.0
"Miami-Fort Lauderdale-West Palm Beach, FL (MSA)",2007,3.0
"Washington-Arlington-Alexandria, DC-VA-MD-WV (MSA)",2007,3.2
"Portland-Vancouver-Hillsboro, OR-WA (MSA)",2007,5.0
"Los Angeles-Long Beach-Anaheim, CA (MSA)",2007,4.8
"Pittsburgh, PA (MSA)",2007,4.5
"Charlotte-Concord-Gastonia, NC-SC (MSA)",2007,5.4
"Memphis, TN-MS-AR (MSA)",2007,5.1
"San Francisco-Oakland-Hayward, CA (MSA)",2007,4.3
"Orlando-Kissimmee-Sanford, FL (MSA)",2007,3.2
"Cleveland-Elyria, OH (MSA)",2007,5.7
"Indianapolis-Carmel-Anderson, IN (MSA)",2007,4.2
"Raleigh, NC (MSA)",2007,3.9
"San Jose-Sunnyvale-Santa Clara, CA (MSA)",2007,4.7
"Reno, NV (MSA)",2007,4.4
"Birmingham-Hoover, AL (MSA)",2007,3.6
"San Antonio-New Braunfels, TX (MSA)",2007,4.1
"Richmond, VA (MSA)",2007,3.4
"Albuquerque, NM (MSA)",2007,3.6
"Grand Rapids-Wyoming, MI (MSA)",2007,6.2
"Omaha-Council Bluffs, NE-IA (MSA)",2007,3.3
"Baltimore-Columbia-Towson, MD (MSA)",2007,3.9
"Rochester, NY (MSA)",2007,4.4
"San Diego-Carlsbad, CA (MSA)",2007,4.5
"Flint, MI (MSA)",2007,8.4
"Lexington-Fayette, KY (MSA)",2007,4.2
"Tucson, AZ (MSA)",2007,3.6
"Oklahoma City, OK (MSA)",2007,4.0
"Boise City, ID (MSA)",2007,3.0
"Ames, IA (MSA)",2007,2.8
"Madison, WI (MSA)",2007,3.6
"New Orleans-Metairie, LA (MSA)",2007,3.8
"Columbus, OH (MSA)",2007,4.9
"Bismarck, ND (MSA)",2007,2.8
"Philadelphia-Camden-Wilmington, PA-NJ-DE-MD (MSA)",2007,4.4
"Buffalo-Cheektowaga-Niagara Falls, NY (MSA)",2007,4.7
"Visalia-Porterville, CA (MSA)",2007,9.1
"Salt Lake City, UT (MSA)",2007,2.5
"Davenport-Moline-Rock Island, IA-IL (MSA)",2007,4.3
"Dallas-Fort Worth-Arlington, TX (MSA)",2008,4.9
"Seattle-Tacoma-Bellevue, WA (MSA)",2008,4.4
"Austin-Round Rock, TX (MSA)",2008,4.4
"Chicago-Naperville-Elgin, IL-IN-WI (MSA)",2008,6.3
"St. Louis, MO-IL (MSA)",2008,6.6
"Tampa-St. Petersburg-Clearwater, FL (MSA)",2008,6.2
"Las Vegas-Henderson-Paradise, NV (MSA)",2008,6.8
"Detroit-Warren-Dearborn, MI (MSA)",2008,8.5
"Denver-Aurora-Lakewood, CO (MSA)",2008,5.0
"Jacksonville, FL (MSA)",2008,5.4
"Atlanta-Sandy Springs-Roswell, GA (MSA)",2008,6.7
"Minneapolis-St. Paul-Bloomington, MN-WI (MSA)",2008,5.2
"Phoenix-Mesa-Scottsdale, AZ (MSA)",2008,5.2
"New York-Newark-Jersey City, NY-NJ-PA (MSA)",2008,5.3
"Kansas City, MO-KS (MSA)",2008,5.9
"Cincinnati, OH-KY-IN (MSA)",2008,5.9
"Miami-Fort Lauderdale-West Palm Beach, FL (MSA)",2008,5.0
"Washington-Arlington-Alexandria, DC-VA-MD-WV (MSA)",2008,3.9
"Portland-Vancouver-Hillsboro, OR-WA (MSA)",2008,5.8
"Los Angeles-Long Beach-Anaheim, CA (MSA)",2008,7.0
"Pittsburgh, PA (MSA)",2008,5.1
"Charlotte-Concord-Gastonia, NC-SC (MSA)",2008,6.6
"Memphis, TN-MS-AR (MSA)",2008,6.7
"San Francisco-Oakland-Hayward, CA (MSA)",2008,5.7
"Orlando-Kissimmee-Sanford, FL (MSA)",2008,5.5
"Cleveland-Elyria, OH (MSA)",2008,6.2
"Indianapolis-Carmel-Anderson, IN (MSA)",2008,5.2
"Raleigh, NC (MSA)",2008,4.8
"San Jose-Sunnyvale-Santa Clara, CA (MSA)",2008,6.1
"Reno, NV (MSA)",2008,7.0
"Birmingham-Hoover, AL (MSA)",2008,5.2
"San Antonio-New Braunfels, TX (MSA)",2008,4.6
"Richmond, VA (MSA)",2008,4.5
"Albuquerque, NM (MSA)",2008,4.4
"Grand Rapids-Wyoming, MI (MSA)",2008,7.0
"Omaha-Council Bluffs, NE-IA (MSA)",2008,3.6
"Baltimore-Columbia-Towson, MD (MSA)",2008,4.7
"Rochester, NY (MSA)",2008,5.5
"San Diego-Carlsbad, CA (MSA)",2008,6.1
"Flint, MI (MSA)",2008,10.2
"Lexington-Fayette, KY (MSA)",2008,5.2
"Tucson, AZ (MSA)",2008,5.5
"Oklahoma City, OK (MSA)",2008,3.6
"Boise City, ID (MSA)",2008,5.3
"Ames, IA (MSA)",2008,3.1
"Madison, WI (MSA)",2008,3.7
"New Orleans-Metairie, LA (MSA)",2008,4.6
"Columbus, OH (MSA)",2008,5.7
"Bismarck, ND (MSA)",2008,2.9
"Philadelphia-Camden-Wilmington, PA-NJ-DE-MD (MSA)",2008,5.3
"Buffalo-Cheektowaga-Niagara Falls, NY (MSA)",2008,5.8
"Visalia-Porterville, CA (MSA)",2008,10.9
"Salt Lake City, UT (MSA)",2008,3.2
"Davenport-Moline-Rock Island, IA-IL (MSA)",2008,5.1
"Dallas-Fort Worth-Arlington, TX (MSA)",2009,7.8
"Seattle-Tacoma-Bellevue, WA (MSA)",2009,7.7
"Austin-Round Rock, TX (MSA)",2009,6.9
"Chicago-Naperville-Elgin, IL-IN-WI (MSA)",2009,10.2
"St. Louis, MO-IL (MSA)",2009,9.7
"Tampa-St. Petersburg-Clearwater, FL (MSA)",2009,10.2
"Las Vegas-Henderson-Paradise, NV (MSA)",2009,11.9
"Detroit-Warren-Dearborn, MI (MSA)",2009,14.3
"Denver-Aurora-Lakewood, CO (MSA)",2009,8.1
"Jacksonville, FL (MSA)",2009,9.3
"Atlanta-Sandy Springs-Roswell, GA (MSA)",2009,10.4
"Minneapolis-St. Paul-Bloomington, MN-WI (MSA)",2009,7.8
"Phoenix-Mesa-Scottsdale, AZ (MSA)",2009,9.1
"New York-Newark-Jersey City, NY-NJ-PA (MSA)",2009,8.6
"Kansas City, MO-KS (MSA)",2009,8.6
"Cincinnati, OH-KY-IN (MSA)",2009,9.6
"Miami-Fort Lauderdale-West Palm Beach, FL (MSA)",2009,9.0
"Washington-Arlington-Alexandria, DC-VA-MD-WV (MSA)",2009,6.3
"Portland-Vancouver-Hillsboro, OR-WA (MSA)",2009,10.4
"Los Angeles-Long Beach-Anaheim, CA (MSA)",2009,11.1
"Pittsburgh, PA (MSA)",2009,7.3
"Charlotte-Concord-Gastonia, NC-SC (MSA)",2009,12.3
"Memphis, TN-MS-AR (MSA)",2009,9.7
"San Francisco-Oakland-Hayward, CA (MSA)",2009,9.8
"Orlando-Kissimmee-Sanford, FL (MSA)",2009,9.7
"Cleveland-Elyria, OH (MSA)",2009,7.8
"Indianapolis-Carmel-Anderson, IN (MSA)",2009,8.9
"Raleigh, NC (MSA)",2009,9.0
"San Jose-Sunnyvale-Santa Clara, CA (MSA)",2009,11.1
"Reno, NV (MSA)",2009,11.5
"Birmingham-Hoover, AL (MSA)",2009,9.4
"San Antonio-New Braunfels, TX (MSA)",2009,6.6
"Richmond, VA (MSA)",2009,7.7
"Albuquerque, NM (MSA)",2009,7.3
"Grand Rapids-Wyoming, MI (MSA)",2009,11.3
"Omaha-Council Bluffs, NE-IA (MSA)",2009,5.1
"Baltimore-Columbia-Towson, MD (MSA)",2009,8.0
"Rochester, NY (MSA)",2009,8.0
"San Diego-Carlsbad, CA (MSA)",2009,9.8
"Flint, MI (MSA)",2009,14.5
"Lexington-Fayette, KY (MSA)",2009,8.8
"Tucson, AZ (MSA)",2009,8.8
"Oklahoma City, OK (MSA)",2009,6.1
"Boise City, ID (MSA)",2009,9.5
"Ames, IA (MSA)",2009,4.7
"Madison, WI (MSA)",2009,6.5
"New Orleans-Metairie, LA (MSA)",2009,6.7
"Columbus, OH (MSA)",2009,8.7
"Bismarck, ND (MSA)",2009,3.6
"Philadelphia-Camden-Wilmington, PA-NJ-DE-MD (MSA)",2009,8.2
"Buffalo-Cheektowaga-Niagara Falls, NY (MSA)",2009,8.5
"Visalia-Porterville, CA (MSA)",2009,15.4
"Salt Lake City, UT (MSA)",2009,7.0
"Davenport-Moline-Rock Island, IA-IL (MSA)",2009,8.4
"Dallas-Fort Worth-Arlington, TX (MSA)",2010,8.1
"Seattle-Tacoma-Bellevue, WA (MSA)",2010,8.9
"Austin-Round Rock, TX (MSA)",2010,7.0
"Chicago-Naperville-Elgin, IL-IN-WI (MSA)",2010,10.6
"St. Louis, MO-IL (MSA)",2010,9.5
"Tampa-St. Petersburg-Clearwater, FL (MSA)",2010,10.7
"Las Vegas-Henderson-Paradise, NV (MSA)",2010,14.0
"Detroit-Warren-Dearborn, MI (MSA)",2010,13.4
"Denver-Aurora-Lakewood, CO (MSA)",2010,9.1
"Jacksonville, FL (MSA)",2010,10.4
"Atlanta-Sandy Springs-Roswell, GA (MSA)",2010,10.4
"Minneapolis-St. Paul-Bloomington, MN-WI (MSA)",2010,7.3
"Phoenix-Mesa-Scottsdale, AZ (MSA)",2010,9.5
"New York-Newark-Jersey City, NY-NJ-PA (MSA)",2010,9.0
"Kansas City, MO-KS (MSA)",2010,8.6
"Cincinnati, OH-KY-IN (MSA)",2010,9.9
"Miami-Fort Lauderdale-West Palm Beach, FL (MSA)",2010,10.9
"Washington-Arlington-Alexandria, DC-VA-MD-WV (MSA)",2010,6.6
"Portland-Vancouver-Hillsboro, OR-WA (MSA)",2010,10.1
"Los Angeles-Long Beach-Anaheim, CA (MSA)",2010,12.0
"Pittsburgh, PA (MSA)",2010,7.7
"Charlotte-Concord-Gastonia, NC-SC (MSA)",2010,11.7
"Memphis, TN-MS-AR (MSA)",2010,9.8
"San Francisco-Oakland-Hayward, CA (MSA)",2010,10.1
"Orlando-Kissimmee-Sanford, FL (MSA)",2010,10.7
"Cleveland-Elyria, OH (MSA)",2010,8.4
"Indianapolis-Carmel-Anderson, IN (MSA)",2010,9.3
"Raleigh, NC (MSA)",2010,8.5
"San Jose-Sunnyvale-Santa Clara, CA (MSA)",2010,10.8
"Reno, NV (MSA)",2010,13.1
"Birmingham-Hoover, AL (MSA)",2010,9.7
"San Antonio-New Braunfels, TX (MSA)",2010,7.3
"Richmond, VA (MSA)",2010,8.2
"Albuquerque, NM (MSA)",2010,7.7
"Grand Rapids-Wyoming, MI (MSA)",2010,10.1
"Omaha-Council Bluffs, NE-IA (MSA)",2010,5.2
"Baltimore-Columbia-Towson, MD (MSA)",2010,8.3
"Rochester, NY (MSA)",2010,8.2
"San Diego-Carlsbad, CA (MSA)",2010,11.0
"Flint, MI (MSA)",2010,13.7
"Lexington-Fayette, KY (MSA)",2010,8.0
"Tucson, AZ (MSA)",2010,9.3
"Oklahoma City, OK (MSA)",2010,5.6
"Boise City, ID (MSA)",2010,9.0
"Ames, IA (MSA)",2010,4.3
"Madison, WI (MSA)",2010,6.3
"New Orleans-Metairie, LA (MSA)",2010,7.3
"Columbus, OH (MSA)",2010,9.0
"Bismarck, ND (MSA)",2010,3.8
"Philadelphia-Camden-Wilmington, PA-NJ-DE-MD (MSA)",2010,8.7
"Buffalo-Cheektowaga-Niagara Falls, NY (MSA)",2010,8.7
"Visalia-Porterville, CA (MSA)",2010,17.6
"Salt Lake City, UT (MSA)",2010,7.8
"Davenport-Moline-Rock Island, IA-IL (MSA)",2010,8.3
"Dallas-Fort Worth-Arlington, TX (MSA)",2011,7.8
"Seattle-Tacoma-Bellevue, WA (MSA)",2011,8.2
"Austin-Round Rock, TX (MSA)",2011,6.8
"Chicago-Naperville-Elgin, IL-IN-WI (MSA)",2011,10.0
"St. Louis, MO-IL (MSA)",2011,8.6
"Tampa-St. Petersburg-Clearwater, FL (MSA)",2011,9.9
"Las Vegas-Henderson-Paradise, NV (MSA)",2011,13.5
"Detroit-Warren-Dearborn, MI (MSA)",2011,11.0
"Denver-Aurora-Lakewood, CO (MSA)",2011,8.6
"Jacksonville, FL (MSA)",2011,9.7
"Atlanta-Sandy Springs-Roswell, GA (MSA)",2011,9.8
"Minneapolis-St. Paul-Bloomington, MN-WI (MSA)",2011,6.3
"Phoenix-Mesa-Scottsdale, AZ (MSA)",2011,8.6
"New York-Newark-Jersey City, NY-NJ-PA (MSA)",2011,8.6
"Kansas City, MO-KS (MSA)",2011,7.8
"Cincinnati, OH-KY-IN (MSA)",2011,8.8
"Miami-Fort Lauderdale-West Palm Beach, FL (MSA)",2011,9.7
"Washington-Arlington-Alexandria, DC-VA-MD-WV (MSA)",2011,6.2
"Portland-Vancouver-Hillsboro, OR-WA (MSA)",2011,8.8
"Los Angeles-Long Beach-Anaheim, CA (MSA)",2011,11.5
"Pittsburgh, PA (MSA)",2011,7.2
"Charlotte-Concord-Gastonia, NC-SC (MSA)",2011,10.6
"Memphis, TN-MS-AR (MSA)",2011,9.5
"San Francisco-Oakland-Hayward, CA (MSA)",2011,9.3
"Orlando-Kissimmee-Sanford, FL (MSA)",2011,10.0
"Cleveland-Elyria, OH (MSA)",2011,7.4
"Indianapolis-Carmel-Anderson, IN (MSA)",2011,8.6
"Raleigh, NC (MSA)",2011,8.2
"San Jose-Sunnyvale-Santa Clara, CA (MSA)",2011,9.6
"Reno, NV (MSA)",2011,12.9
"Birmingham-Hoover, AL (MSA)",2011,8.7
"San Antonio-New Braunfels, TX (MSA)",2011,7.4
"Richmond, VA (MSA)",2011,7.3
"Albuquerque, NM (MSA)",2011,7.2
"Grand Rapids-Wyoming, MI (MSA)",2011,8.0
"Omaha-Council Bluffs, NE-IA (MSA)",2011,4.9
"Baltimore-Columbia-Towson, MD (MSA)",2011,7.6
"Rochester, NY (MSA)",2011,7.8
"San Diego-Carlsbad, CA (MSA)",2011,10.5
"Flint, MI (MSA)",2011,11.1
"Lexington-Fayette, KY (MSA)",2011,7.3
"Tucson, AZ (MSA)",2011,8.4
"Oklahoma City, OK (MSA)",2011,4.8
"Boise City, ID (MSA)",2011,8.2
"Ames, IA (MSA)",2011,4.0
"Madison, WI (MSA)",2011,5.6
"New Orleans-Metairie, LA (MSA)",2011,7.3
"Columbus, OH (MSA)",2011,7.8
"Bismarck, ND (MSA)",2011,3.4
"Philadelphia-Camden-Wilmington, PA-NJ-DE-MD (MSA)",2011,8.4
"Buffalo-Cheektowaga-Niagara Falls, NY (MSA)",2011,8.3
"Visalia-Porterville, CA (MSA)",2011,17.4
"Salt Lake City, UT (MSA)",2011,7.0
"Davenport-Moline-Rock Island, IA-IL (MSA)",2011,7.4
"Dallas-Fort Worth-Arlington, TX (MSA)",2012,6.5
"Seattle-Tacoma-Bellevue, WA (MSA)",2012,7.0
"Austin-Round Rock, TX (MSA)",2012,5.6
"Chicago-Naperville-Elgin, IL-IN-WI (MSA)",2012,9.2
"St. Louis, MO-IL (MSA)",2012,7.5
"Tampa-St. Petersburg-Clearwater, FL (MSA)",2012,8.5
"Las Vegas-Henderson-Paradise, NV (MSA)",2012,11.7
"Detroit-Warren-Dearborn, MI (MSA)",2012,10.0
"Denver-Aurora-Lakewood, CO (MSA)",2012,7.8
"Jacksonville, FL (MSA)",2012,8.5
"Atlanta-Sandy Springs-Roswell, GA (MSA)",2012,8.7
"Minneapolis-St. Paul-Bloomington, MN-WI (MSA)",2012,5.5
"Phoenix-Mesa-Scottsdale, AZ (MSA)",2012,7.4
"New York-Newark-Jersey City, NY-NJ-PA (MSA)",2012,8.8
"Kansas City, MO-KS (MSA)",2012,6.6
"Cincinnati, OH-KY-IN (MSA)",2012,7.4
"Miami-Fort Lauderdale-West Palm Beach, FL (MSA)",2012,8.2
"Washington-Arlington-Alexandria, DC-VA-MD-WV (MSA)",2012,5.7
"Portland-Vancouver-Hillsboro, OR-WA (MSA)",2012,7.8
"Los Angeles-Long Beach-Anaheim, CA (MSA)",2012,10.3
"Pittsburgh, PA (MSA)",2012,7.1
"Charlotte-Concord-Gastonia, NC-SC (MSA)",2012,9.4
"Memphis, TN-MS-AR (MSA)",2012,8.5
"San Francisco-Oakland-Hayward, CA (MSA)",2012,7.9
"Orlando-Kissimmee-Sanford, FL (MSA)",2012,8.7
"Cleveland-Elyria, OH (MSA)",2012,6.6
"Indianapolis-Carmel-Anderson, IN (MSA)",2012,7.9
"Raleigh, NC (MSA)",2012,7.6
"San Jose-Sunnyvale-Santa Clara, CA (MSA)",2012,8.2
"Reno, NV (MSA)",2012,11.5
"Birmingham-Hoover, AL (MSA)",2012,7.2
"San Antonio-New Braunfels, TX (MSA)",2012,6.2
"Richmond, VA (MSA)",2012,6.5
"Albuquerque, NM (MSA)",2012,7.0
"Grand Rapids-Wyoming, MI (MSA)",2012,6.8
"Omaha-Council Bluffs, NE-IA (MSA)",2012,4.3
"Baltimore-Columbia-Towson, MD (MSA)",2012,7.1
"Rochester, NY (MSA)",2012,8.1
"San Diego-Carlsbad, CA (MSA)",2012,9.3
"Flint, MI (MSA)",2012,10.0
"Lexington-Fayette, KY (MSA)",2012,6.2
"Tucson, AZ (MSA)",2012,7.4
"Oklahoma City, OK (MSA)",2012,4.4
"Boise City, ID (MSA)",2012,7.3
"Ames, IA (MSA)",2012,3.6
"Madison, WI (MSA)",2012,5.1
"New Orleans-Metairie, LA (MSA)",2012,6.7
"Columbus, OH (MSA)",2012,6.5
"Bismarck, ND (MSA)",2012,3.0
"Philadelphia-Camden-Wilmington, PA-NJ-DE-MD (MSA)",2012,8.3
"Buffalo-Cheektowaga-Niagara Falls, NY (MSA)",2012,8.6
"Visalia-Porterville, CA (MSA)",2012,16.4
"Salt Lake City, UT (MSA)",2012,4.7
"Davenport-Moline-Rock Island, IA-IL (MSA)",2012,6.9
"Dallas-Fort Worth-Arlington, TX (MSA)",2013,6.2
"Seattle-Tacoma-Bellevue, WA (MSA)",2013,5.3
"Austin-Round Rock, TX (MSA)",2013,5.2
"Chicago-Naperville-Elgin, IL-IN-WI (MSA)",2013,9.1
"St. Louis, MO-IL (MSA)",2013,7.2
"Tampa-St. Petersburg-Clearwater, FL (MSA)",2013,7.2
"Las Vegas-Henderson-Paradise, NV (MSA)",2013,10.0
"Detroit-Warren-Dearborn, MI (MSA)",2013,9.7
"Denver-Aurora-Lakewood, CO (MSA)",2013,6.5
"Jacksonville, FL (MSA)",2013,7.3
"Atlanta-Sandy Springs-Roswell, GA (MSA)",2013,7.7
"Minneapolis-St. Paul-Bloomington, MN-WI (MSA)",2013,4.8
"Phoenix-Mesa-Scottsdale, AZ (MSA)",2013,6.7
"New York-Newark-Jersey City, NY-NJ-PA (MSA)",2013,8.0
"Kansas City, MO-KS (MSA)",2013,6.3
"Cincinnati, OH-KY-IN (MSA)",2013,7.2
"Miami-Fort Lauderdale-West Palm Beach, FL (MSA)",2013,7.4
"Washington-Arlington-Alexandria, DC-VA-MD-WV (MSA)",2013,5.5
"Portland-Vancouver-Hillsboro, OR-WA (MSA)",2013,7.0
"Los Angeles-Long Beach-Anaheim, CA (MSA)",2013,9.0
"Pittsburgh, PA (MSA)",2013,6.6
"Charlotte-Concord-Gastonia, NC-SC (MSA)",2013,7.6
"Memphis, TN-MS-AR (MSA)",2013,8.5
"San Francisco-Oakland-Hayward, CA (MSA)",2013,6.5
"Orlando-Kissimmee-Sanford, FL (MSA)",2013,7.3
"Cleveland-Elyria, OH (MSA)",2013,6.8
"Indianapolis-Carmel-Anderson, IN (MSA)",2013,7.2
"Raleigh, NC (MSA)",2013,6.1
"San Jose-Sunnyvale-Santa Clara, CA (MSA)",2013,6.7
"Reno, NV (MSA)",2013,9.8
"Birmingham-Hoover, AL (MSA)",2013,6.4
"San Antonio-New Braunfels, TX (MSA)",2013,5.8
"Richmond, VA (MSA)",2013,5.9
"Albuquerque, NM (MSA)",2013,6.8
"Grand Rapids-Wyoming, MI (MSA)",2013,6.3
"Omaha-Council Bluffs, NE-IA (MSA)",2013,4.0
"Baltimore-Columbia-Towson, MD (MSA)",2013,6.8
"Rochester, NY (MSA)",2013,7.2
"San Diego-Carlsbad, CA (MSA)",2013,7.9
"Flint, MI (MSA)",2013,9.8
"Lexington-Fayette, KY (MSA)",2013,6.0
"Tucson, AZ (MSA)",2013,6.8
"Oklahoma City, OK (MSA)",2013,4.5
"Boise City, ID (MSA)",2013,6.6
"Ames, IA (MSA)",2013,3.3
"Madison, WI (MSA)",2013,4.9
"New Orleans-Metairie, LA (MSA)",2013,6.4
"Columbus, OH (MSA)",2013,6.5
"Bismarck, ND (MSA)",2013,2.8
"Philadelphia-Camden-Wilmington, PA-NJ-DE-MD (MSA)",2013,7.6
"Buffalo-Cheektowaga-Niagara Falls, NY (MSA)",2013,7.8
"Visalia-Porterville, CA (MSA)",2013,14.5
"Salt Lake City, UT (MSA)",2013,4.1
"Davenport-Moline-Rock Island, IA-IL (MSA)",2013,7.0
"Dallas-Fort Worth-Arlington, TX (MSA)",2014,5.1
"Seattle-Tacoma-Bellevue, WA (MSA)",2014,5.1
"Austin-Round Rock, TX (MSA)",2014,4.3
"Chicago-Naperville-Elgin, IL-IN-WI (MSA)",2014,7.2
"St. Louis, MO-IL (MSA)",2014,6.3
"Tampa-St. Petersburg-Clearwater, FL (MSA)",2014,6.2
"Las Vegas-Henderson-Paradise, NV (MSA)",2014,8.2
"Detroit-Warren-Dearborn, MI (MSA)",2014,8.1
"Denver-Aurora-Lakewood, CO (MSA)",2014,4.8
"Jacksonville, FL (MSA)",2014,6.4
"Atlanta-Sandy Springs-Roswell, GA (MSA)",2014,6.8
"Minneapolis-St. Paul-Bloomington, MN-WI (MSA)",2014,4.0
"Phoenix-Mesa-Scottsdale, AZ (MSA)",2014,5.9
"New York-Newark-Jersey City, NY-NJ-PA (MSA)",2014,6.4
"Kansas City, MO-KS (MSA)",2014,5.6
"Cincinnati, OH-KY-IN (MSA)",2014,5.5
"Miami-Fort Lauderdale-West Palm Beach, FL (MSA)",2014,6.4
"Washington-Arlington-Alexandria, DC-VA-MD-WV (MSA)",2014,5.0
"Portland-Vancouver-Hillsboro, OR-WA (MSA)",2014,6.0
"Los Angeles-Long Beach-Anaheim, CA (MSA)",2014,7.6
"Pittsburgh, PA (MSA)",2014,5.7
"Charlotte-Concord-Gastonia, NC-SC (MSA)",2014,6.0
"Memphis, TN-MS-AR (MSA)",2014,7.4
"San Francisco-Oakland-Hayward, CA (MSA)",2014,5.3
"Orlando-Kissimmee-Sanford, FL (MSA)",2014,6.2
"Cleveland-Elyria, OH (MSA)",2014,6.0
"Indianapolis-Carmel-Anderson, IN (MSA)",2014,5.7
"Raleigh, NC (MSA)",2014,4.9
"San Jose-Sunnyvale-Santa Clara, CA (MSA)",2014,5.3
"Reno, NV (MSA)",2014,7.8
"Birmingham-Hoover, AL (MSA)",2014,5.9
"San Antonio-New Braunfels, TX (MSA)",2014,4.7
"Richmond, VA (MSA)",2014,5.4
"Albuquerque, NM (MSA)",2014,6.4
"Grand Rapids-Wyoming, MI (MSA)",2014,5.1
"Omaha-Council Bluffs, NE-IA (MSA)",2014,3.6
"Baltimore-Columbia-Towson, MD (MSA)",2014,5.9
"Rochester, NY (MSA)",2014,5.9
"San Diego-Carlsbad, CA (MSA)",2014,6.5
"Flint, MI (MSA)",2014,8.0
"Lexington-Fayette, KY (MSA)",2014,4.9
"Tucson, AZ (MSA)",2014,6.0
"Oklahoma City, OK (MSA)",2014,3.9
"Boise City, ID (MSA)",2014,4.3
"Ames, IA (MSA)",2014,2.9
"Madison, WI (MSA)",2014,3.9
"New Orleans-Metairie, LA (MSA)",2014,6.2
"Columbus, OH (MSA)",2014,4.9
"Bismarck, ND (MSA)",2014,2.7
"Philadelphia-Camden-Wilmington, PA-NJ-DE-MD (MSA)",2014,6.3
"Buffalo-Cheektowaga-Niagara Falls, NY (MSA)",2014,6.3
"Visalia-Porterville, CA (MSA)",2014,13.3
"Salt Lake City, UT (MSA)",2014,3.6
"Davenport-Moline-Rock Island, IA-IL (MSA)",2014,6.2
"Dallas-Fort Worth-Arlington, TX (MSA)",2015,4.1
"Seattle-Tacoma-Bellevue, WA (MSA)",2015,4.6
"Austin-Round Rock, TX (MSA)",2015,3.4
"Chicago-Naperville-Elgin, IL-IN-WI (MSA)",2015,6.0
"St. Louis, MO-IL (MSA)",2015,5.1
"Tampa-St. Petersburg-Clearwater, FL (MSA)",2015,5.3
"Las Vegas-Henderson-Paradise, NV (MSA)",2015,6.9
"Detroit-Warren-Dearborn, MI (MSA)",2015,5.8
"Denver-Aurora-Lakewood, CO (MSA)",2015,3.6
"Jacksonville, FL (MSA)",2015,5.4
"Atlanta-Sandy Springs-Roswell, GA (MSA)",2015,5.8
"Minneapolis-St. Paul-Bloomington, MN-WI (MSA)",2015,3.5
"Phoenix-Mesa-Scottsdale, AZ (MSA)",2015,5.2
"New York-Newark-Jersey City, NY-NJ-PA (MSA)",2015,5.3
"Kansas City, MO-KS (MSA)",2015,4.8
"Cincinnati, OH-KY-IN (MSA)",2015,4.5
"Miami-Fort Lauderdale-West Palm Beach, FL (MSA)",2015,5.6
"Washington-Arlington-Alexandria, DC-VA-MD-WV (MSA)",2015,4.4
"Portland-Vancouver-Hillsboro, OR-WA (MSA)",2015,5.1
"Los Angeles-Long Beach-Anaheim, CA (MSA)",2015,6.2
"Pittsburgh, PA (MSA)",2015,5.4
"Charlotte-Concord-Gastonia, NC-SC (MSA)",2015,5.4
"Memphis, TN-MS-AR (MSA)",2015,6.2
"San Francisco-Oakland-Hayward, CA (MSA)",2015,4.3
"Orlando-Kissimmee-Sanford, FL (MSA)",2015,5.2
"Cleveland-Elyria, OH (MSA)",2015,5.0
"Indianapolis-Carmel-Anderson, IN (MSA)",2015,4.5
"Raleigh, NC (MSA)",2015,4.8
"San Jose-Sunnyvale-Santa Clara, CA (MSA)",2015,4.3
"Reno, NV (MSA)",2015,6.3
"Birmingham-Hoover, AL (MSA)",2015,5.5
"San Antonio-New Braunfels, TX (MSA)",2015,3.8
"Richmond, VA (MSA)",2015,4.6
"Albuquerque, NM (MSA)",2015,6.2
"Grand Rapids-Wyoming, MI (MSA)",2015,3.9
"Omaha-Council Bluffs, NE-IA (MSA)",2015,3.2
"Baltimore-Columbia-Towson, MD (MSA)",2015,5.2
"Rochester, NY (MSA)",2015,5.1
"San Diego-Carlsbad, CA (MSA)",2015,5.2
"Flint, MI (MSA)",2015,6.3
"Lexington-Fayette, KY (MSA)",2015,3.9
"Tucson, AZ (MSA)",2015,5.5
"Oklahoma City, OK (MSA)",2015,3.8
"Boise City, ID (MSA)",2015,3.8
"Ames, IA (MSA)",2015,2.5
"Madison, WI (MSA)",2015,3.3
"New Orleans-Metairie, LA (MSA)",2015,6.0
"Columbus, OH (MSA)",2015,4.2
"Bismarck, ND (MSA)",2015,2.6
"Philadelphia-Camden-Wilmington, PA-NJ-DE-MD (MSA)",2015,5.5
"Buffalo-Cheektowaga-Niagara Falls, NY (MSA)",2015,5.5
"Visalia-Porterville, CA (MSA)",2015,11.7
"Salt Lake City, UT (MSA)",2015,3.4
"Davenport-Moline-Rock Island, IA-IL (MSA)",2015,5.5
"Dallas-Fort Worth-Arlington, TX (MSA)",2016,3.9
"Seattle-Tacoma-Bellevue, WA (MSA)",2016,4.3
"Austin-Round Rock, TX (MSA)",2016,3.3
"Chicago-Naperville-Elgin, IL-IN-WI (MSA)",2016,5.8
"St. Louis, MO-IL (MSA)",2016,4.6
"Tampa-St. Petersburg-Clearwater, FL (MSA)",2016,4.6
"Las Vegas-Henderson-Paradise, NV (MSA)",2016,5.9
"Detroit-Warren-Dearborn, MI (MSA)",2016,5.2
"Denver-Aurora-Lakewood, CO (MSA)",2016,3.0
"Jacksonville, FL (MSA)",2016,4.7
"Atlanta-Sandy Springs-Roswell, GA (MSA)",2016,5.2
"Minneapolis-St. Paul-Bloomington, MN-WI (MSA)",2016,3.5
"Phoenix-Mesa-Scottsdale, AZ (MSA)",2016,4.7
"New York-Newark-Jersey City, NY-NJ-PA (MSA)",2016,4.8
"Kansas City, MO-KS (MSA)",2016,4.3
"Cincinnati, OH-KY-IN (MSA)",2016,4.4
"Miami-Fort Lauderdale-West Palm Beach, FL (MSA)",2016,5.0
"Washington-Arlington-Alexandria, DC-VA-MD-WV (MSA)",2016,3.8
"Portland-Vancouver-Hillsboro, OR-WA (MSA)",2016,4.5
"Los Angeles-Long Beach-Anaheim, CA (MSA)",2016,5.0
"Pittsburgh, PA (MSA)",2016,5.6
"Charlotte-Concord-Gastonia, NC-SC (MSA)",2016,4.8
"Memphis, TN-MS-AR (MSA)",2016,5.2
"San Francisco-Oakland-Hayward, CA (MSA)",2016,3.8
"Orlando-Kissimmee-Sanford, FL (MSA)",2016,4.5
"Cleveland-Elyria, OH (MSA)",2016,5.4
"Indianapolis-Carmel-Anderson, IN (MSA)",2016,4.0
"Raleigh, NC (MSA)",2016,4.4
"San Jose-Sunnyvale-Santa Clara, CA (MSA)",2016,3.9
"Reno, NV (MSA)",2016,5.1
"Birmingham-Hoover, AL (MSA)",2016,5.5
"San Antonio-New Braunfels, TX (MSA)",2016,3.8
"Richmond, VA (MSA)",2016,4.1
"Albuquerque, NM (MSA)",2016,6.1
"Grand Rapids-Wyoming, MI (MSA)",2016,3.6
"Omaha-Council Bluffs, NE-IA (MSA)",2016,3.2
"Baltimore-Columbia-Towson, MD (MSA)",2016,4.4
"Rochester, NY (MSA)",2016,4.8
"San Diego-Carlsbad, CA (MSA)",2016,4.7
"Flint, MI (MSA)",2016,5.8
"Lexington-Fayette, KY (MSA)",2016,3.7
"Tucson, AZ (MSA)",2016,5.0
"Oklahoma City, OK (MSA)",2016,4.0
"Boise City, ID (MSA)",2016,3.5
"Ames, IA (MSA)",2016,2.3
"Madison, WI (MSA)",2016,2.9
"New Orleans-Metairie, LA (MSA)",2016,5.5
"Columbus, OH (MSA)",2016,4.2
"Bismarck, ND (MSA)",2016,2.8
"Philadelphia-Camden-Wilmington, PA-NJ-DE-MD (MSA)",2016,5.0
"Buffalo-Cheektowaga-Niagara Falls, NY (MSA)",2016,5.2
"Visalia-Porterville, CA (MSA)",2016,11.2
"Salt Lake City, UT (MSA)",2016,3.1
"Davenport-Moline-Rock Island, IA-IL (MSA)",2016,5.4
"Dallas-Fort Worth-Arlington, TX (MSA)",2017,3.7
"Seattle-Tacoma-Bellevue, WA (MSA)",2017,4.0
"Austin-Round Rock, TX (MSA)",2017,3.2
"Chicago-Naperville-Elgin, IL-IN-WI (MSA)",2017,4.9
"St. Louis, MO-IL (MSA)",2017,3.8
"Tampa-St. Petersburg-Clearwater, FL (MSA)",2017,4.1
"Las Vegas-Henderson-Paradise, NV (MSA)",2017,5.2
"Detroit-Warren-Dearborn, MI (MSA)",2017,4.5
"Denver-Aurora-Lakewood, CO (MSA)",2017,2.5
"Jacksonville, FL (MSA)",2017,4.1
"Atlanta-Sandy Springs-Roswell, GA (MSA)",2017,4.6
"Minneapolis-St. Paul-Bloomington, MN-WI (MSA)",2017,3.2
"Phoenix-Mesa-Scottsdale, AZ (MSA)",2017,4.3
"New York-Newark-Jersey City, NY-NJ-PA (MSA)",2017,4.4
"Kansas City, MO-KS (MSA)",2017,3.8
"Cincinnati, OH-KY-IN (MSA)",2017,4.3
"Miami-Fort Lauderdale-West Palm Beach, FL (MSA)",2017,4.4
"Washington-Arlington-Alexandria, DC-VA-MD-WV (MSA)",2017,3.6
"Portland-Vancouver-Hillsboro, OR-WA (MSA)",2017,3.9
"Los Angeles-Long Beach-Anaheim, CA (MSA)",2017,4.5
"Pittsburgh, PA (MSA)",2017,5.1
"Charlotte-Concord-Gastonia, NC-SC (MSA)",2017,4.3
"Memphis, TN-MS-AR (MSA)",2017,4.3
"San Francisco-Oakland-Hayward, CA (MSA)",2017,3.4
"Orlando-Kissimmee-Sanford, FL (MSA)",2017,3.9
"Cleveland-Elyria, OH (MSA)",2017,5.6
"Indianapolis-Carmel-Anderson, IN (MSA)",2017,3.3
"Raleigh, NC (MSA)",2017,4.0
"San Jose-Sunnyvale-Santa Clara, CA (MSA)",2017,3.3
"Reno, NV (MSA)",2017,4.2
"Birmingham-Hoover, AL (MSA)",2017,4.1
"San Antonio-New Braunfels, TX (MSA)",2017,3.6
"Richmond, VA (MSA)",2017,3.8
"Albuquerque, NM (MSA)",2017,5.6
"Grand Rapids-Wyoming, MI (MSA)",2017,3.5
"Omaha-Council Bluffs, NE-IA (MSA)",2017,3.1
"Baltimore-Columbia-Towson, MD (MSA)",2017,4.1
"Rochester, NY (MSA)",2017,4.9
"San Diego-Carlsbad, CA (MSA)",2017,4.0
"Flint, MI (MSA)",2017,5.6
"Lexington-Fayette, KY (MSA)",2017,3.7
"Tucson, AZ (MSA)",2017,4.6
"Oklahoma City, OK (MSA)",2017,3.6
"Boise City, ID (MSA)",2017,3.1
"Ames, IA (MSA)",2017,2.0
"Madison, WI (MSA)",2017,2.5
"New Orleans-Metairie, LA (MSA)",2017,4.8
"Columbus, OH (MSA)",2017,4.1
"Bismarck, ND (MSA)",2017,2.6
"Philadelphia-Camden-Wilmington, PA-NJ-DE-MD (MSA)",2017,4.8
"Buffalo-Cheektowaga-Niagara Falls, NY (MSA)",2017,5.3
"Visalia-Porterville, CA (MSA)",2017,10.5
"Salt Lake City, UT (MSA)",2017,3.0
"Davenport-Moline-Rock Island, IA-IL (MSA)",2017,4.4
"Dallas-Fort Worth-Arlington, TX (MSA)",2018,3.6
"Seattle-Tacoma-Bellevue, WA (MSA)",2018,3.7
"Austin-Round Rock, TX (MSA)",2018,3.0
"Chicago-Naperville-Elgin, IL-IN-WI (MSA)",2018,4.1
"St. Louis, MO-IL (MSA)",2018,3.4
"Tampa-St. Petersburg-Clearwater, FL (MSA)",2018,3.6
"Las Vegas-Henderson-Paradise, NV (MSA)",2018,4.6
"Detroit-Warren-Dearborn, MI (MSA)",2018,4.3
"Denver-Aurora-Lakewood, CO (MSA)",2018,2.9
"Jacksonville, FL (MSA)",2018,3.5
"Atlanta-Sandy Springs-Roswell, GA (MSA)",2018,3.8
"Minneapolis-St. Paul-Bloomington, MN-WI (MSA)",2018,2.7
"Phoenix-Mesa-Scottsdale, AZ (MSA)",2018,4.2
"New York-Newark-Jersey City, NY-NJ-PA (MSA)",2018,3.9
"Kansas City, MO-KS (MSA)",2018,3.4
"Cincinnati, OH-KY-IN (MSA)",2018,3.9
"Miami-Fort Lauderdale-West Palm Beach, FL (MSA)",2018,3.6
"Washington-Arlington-Alexandria, DC-VA-MD-WV (MSA)",2018,3.3
"Portland-Vancouver-Hillsboro, OR-WA (MSA)",2018,3.8
"Los Angeles-Long Beach-Anaheim, CA (MSA)",2018,4.2
"Pittsburgh, PA (MSA)",2018,4.4
"Charlotte-Concord-Gastonia, NC-SC (MSA)",2018,3.7
"Memphis, TN-MS-AR (MSA)",2018,4.2
"San Francisco-Oakland-Hayward, CA (MSA)",2018,2.8
"Orlando-Kissimmee-Sanford, FL (MSA)",2018,3.4
"Cleveland-Elyria, OH (MSA)",2018,4.7
"Indianapolis-Carmel-Anderson, IN (MSA)",2018,3.2
"Raleigh, NC (MSA)",2018,3.5
"San Jose-Sunnyvale-Santa Clara, CA (MSA)",2018,2.7
"Reno, NV (MSA)",2018,3.5
"Birmingham-Hoover, AL (MSA)",2018,3.5
"San Antonio-New Braunfels, TX (MSA)",2018,3.3
"Richmond, VA (MSA)",2018,3.2
"Albuquerque, NM (MSA)",2018,4.7
"Grand Rapids-Wyoming, MI (MSA)",2018,3.0
"Omaha-Council Bluffs, NE-IA (MSA)",2018,3.0
"Baltimore-Columbia-Towson, MD (MSA)",2018,3.9
"Rochester, NY (MSA)",2018,4.2
"San Diego-Carlsbad, CA (MSA)",2018,3.4
"Flint, MI (MSA)",2018,4.9
"Lexington-Fayette, KY (MSA)",2018,3.3
"Tucson, AZ (MSA)",2018,4.4
"Oklahoma City, OK (MSA)",2018,3.0
"Boise City, ID (MSA)",2018,2.7
"Ames, IA (MSA)",2018,1.6
"Madison, WI (MSA)",2018,2.3
"New Orleans-Metairie, LA (MSA)",2018,4.6
"Columbus, OH (MSA)",2018,3.9
"Bismarck, ND (MSA)",2018,2.6
"Philadelphia-Camden-Wilmington, PA-NJ-DE-MD (MSA)",2018,4.3
"Buffalo-Cheektowaga-Niagara Falls, NY (MSA)",2018,4.5
"Visalia-Porterville, CA (MSA)",2018,9.8
"Salt Lake City, UT (MSA)",2018,2.8
"Davenport-Moline-Rock Island, IA-IL (MSA)",2018,4.2
"Dallas-Fort Worth-Arlington, TX (MSA)",2019,3.3
"Seattle-Tacoma-Bellevue, WA (MSA)",2019,3.2
"Austin-Round Rock, TX (MSA)",2019,2.7
"Chicago-Naperville-Elgin, IL-IN-WI (MSA)",2019,3.9
"St. Louis, MO-IL (MSA)",2019,3.2
"Tampa-St. Petersburg-Clearwater, FL (MSA)",2019,3.3
"Las Vegas-Henderson-Paradise, NV (MSA)",2019,4.3
"Detroit-Warren-Dearborn, MI (MSA)",2019,4.2
"Denver-Aurora-Lakewood, CO (MSA)",2019,2.6
"Jacksonville, FL (MSA)",2019,3.2
"Atlanta-Sandy Springs-Roswell, GA (MSA)",2019,3.4
"Minneapolis-St. Paul-Bloomington, MN-WI (MSA)",2019,3.0
"Phoenix-Mesa-Scottsdale, AZ (MSA)",2019,4.2
"New York-Newark-Jersey City, NY-NJ-PA (MSA)",2019,3.6
"Kansas City, MO-KS (MSA)",2019,3.3
"Cincinnati, OH-KY-IN (MSA)",2019,3.7
"Miami-Fort Lauderdale-West Palm Beach, FL (MSA)",2019,3.1
"Washington-Arlington-Alexandria, DC-VA-MD-WV (MSA)",2019,3.0
"Portland-Vancouver-Hillsboro, OR-WA (MSA)",2019,3.5
"Los Angeles-Long Beach-Anaheim, CA (MSA)",2019,4.1
"Pittsburgh, PA (MSA)",2019,4.3
"Charlotte-Concord-Gastonia, NC-SC (MSA)",2019,3.5
"Memphis, TN-MS-AR (MSA)",2019,4.1
"San Francisco-Oakland-Hayward, CA (MSA)",2019,2.6
"Orlando-Kissimmee-Sanford, FL (MSA)",2019,3.1
"Cleveland-Elyria, OH (MSA)",2019,4.1
"Indianapolis-Carmel-Anderson, IN (MSA)",2019,3.0
"Raleigh, NC (MSA)",2019,3.4
"San Jose-Sunnyvale-Santa Clara, CA (MSA)",2019,2.6
"Reno, NV (MSA)",2019,3.4
"Birmingham-Hoover, AL (MSA)",2019,2.9
"San Antonio-New Braunfels, TX (MSA)",2019,3.1
"Richmond, VA (MSA)",2019,2.9
"Albuquerque, NM (MSA)",2019,4.7
"Grand Rapids-Wyoming, MI (MSA)",2019,3.0
"Omaha-Council Bluffs, NE-IA (MSA)",2019,3.1
"Baltimore-Columbia-Towson, MD (MSA)",2019,3.4
"Rochester, NY (MSA)",2019,3.9
"San Diego-Carlsbad, CA (MSA)",2019,3.2
"Flint, MI (MSA)",2019,5.0
"Lexington-Fayette, KY (MSA)",2019,3.3
"Tucson, AZ (MSA)",2019,4.5
"Oklahoma City, OK (MSA)",2019,2.9
"Boise City, ID (MSA)",2019,2.7
"Ames, IA (MSA)",2019,1.8
"Madison, WI (MSA)",2019,2.4
"New Orleans-Metairie, LA (MSA)",2019,4.3
"Columbus, OH (MSA)",2019,3.6
"Bismarck, ND (MSA)",2019,2.4
"Philadelphia-Camden-Wilmington, PA-NJ-DE-MD (MSA)",2019,4.0
"Buffalo-Cheektowaga-Niagara Falls, NY (MSA)",2019,4.2
"Visalia-Porterville, CA (MSA)",2019,9.8
"Salt Lake City, UT (MSA)",2019,2.5
"Davenport-Moline-Rock Island, IA-IL (MSA)",2019,4.0
"Dallas-Fort Worth-Arlington, TX (MSA)",2020,7.1
"Seattle-Tacoma-Bellevue, WA (MSA)",2020,8.3
"Austin-Round Rock, TX (MSA)",2020,6.2
"Chicago-Naperville-Elgin, IL-IN-WI (MSA)",2020,9.7
"St. Louis, MO-IL (MSA)",2020,6.8
"Tampa-St. Petersburg-Clearwater, FL (MSA)",2020,7.6
"Las Vegas-Henderson-Paradise, NV (MSA)",2020,15.5
"Detroit-Warren-Dearborn, MI (MSA)",2020,11.5
"Denver-Aurora-Lakewood, CO (MSA)",2020,7.0
"Jacksonville, FL (MSA)",2020,6.6
"Atlanta-Sandy Springs-Roswell, GA (MSA)",2020,6.8
"Minneapolis-St. Paul-Bloomington, MN-WI (MSA)",2020,6.5
"Phoenix-Mesa-Scottsdale, AZ (MSA)",2020,7.3
"New York-Newark-Jersey City, NY-NJ-PA (MSA)",2020,10.2
"Kansas City, MO-KS (MSA)",2020,6.2
"Cincinnati, OH-KY-IN (MSA)",2020,7.0
"Miami-Fort Lauderdale-West Palm Beach, FL (MSA)",2020,8.6
"Washington-Arlington-Alexandria, DC-VA-MD-WV (MSA)",2020,6.4
"Portland-Vancouver-Hillsboro, OR-WA (MSA)",2020,7.7
"Los Angeles-Long Beach-Anaheim, CA (MSA)",2020,11.5
"Pittsburgh, PA (MSA)",2020,9.0
"Charlotte-Concord-Gastonia, NC-SC (MSA)",2020,7.1
"Memphis, TN-MS-AR (MSA)",2020,8.8
"San Francisco-Oakland-Hayward, CA (MSA)",2020,8.3
"Orlando-Kissimmee-Sanford, FL (MSA)",2020,10.7
"Cleveland-Elyria, OH (MSA)",2020,9.7
"Indianapolis-Carmel-Anderson, IN (MSA)",2020,6.7
"Raleigh, NC (MSA)",2020,6.3
"San Jose-Sunnyvale-Santa Clara, CA (MSA)",2020,7.2
"Reno, NV (MSA)",2020,8.2
"Birmingham-Hoover, AL (MSA)",2020,5.9
"San Antonio-New Braunfels, TX (MSA)",2020,7.3
"Richmond, VA (MSA)",2020,6.9
"Albuquerque, NM (MSA)",2020,7.7
"Grand Rapids-Wyoming, MI (MSA)",2020,7.7
"Omaha-Council Bluffs, NE-IA (MSA)",2020,4.8
"Baltimore-Columbia-Towson, MD (MSA)",2020,6.3
"Rochester, NY (MSA)",2020,7.8
"San Diego-Carlsbad, CA (MSA)",2020,9.4
"Flint, MI (MSA)",2020,11.5
"Lexington-Fayette, KY (MSA)",2020,5.7
"Tucson, AZ (MSA)",2020,7.6
"Oklahoma City, OK (MSA)",2020,6.2
"Boise City, ID (MSA)",2020,5.7
"Ames, IA (MSA)",2020,3.5
"Madison, WI (MSA)",2020,5.0
"New Orleans-Metairie, LA (MSA)",2020,9.9
"Columbus, OH (MSA)",2020,7.1
"Bismarck, ND (MSA)",2020,4.4
"Philadelphia-Camden-Wilmington, PA-NJ-DE-MD (MSA)",2020,9.0
"Buffalo-Cheektowaga-Niagara Falls, NY (MSA)",2020,9.3
"Visalia-Porterville, CA (MSA)",2020,13.5
"Salt Lake City, UT (MSA)",2020,5.2
"Davenport-Moline-Rock Island, IA-IL (MSA)",2020,7.9
"Dallas-Fort Worth-Arlington, TX (MSA)",2021,5.1
"Seattle-Tacoma-Bellevue, WA (MSA)",2021,4.7
"Austin-Round Rock, TX (MSA)",2021,4.1
"Chicago-Naperville-Elgin, IL-IN-WI (MSA)",2021,6.2
"St. Louis, MO-IL (MSA)",2021,4.4
"Tampa-St. Petersburg-Clearwater, FL (MSA)",2021,4.3
"Las Vegas-Henderson-Paradise, NV (MSA)",2021,7.9
"Detroit-Warren-Dearborn, MI (MSA)",2021,6.1
"Denver-Aurora-Lakewood, CO (MSA)",2021,5.5
"Jacksonville, FL (MSA)",2021,4.1
"Atlanta-Sandy Springs-Roswell, GA (MSA)",2021,3.9
"Minneapolis-St. Paul-Bloomington, MN-WI (MSA)",2021,3.8
"Phoenix-Mesa-Scottsdale, AZ (MSA)",2021,4.6
"New York-Newark-Jersey City, NY-NJ-PA (MSA)",2021,7.5
"Kansas City, MO-KS (MSA)",2021,4.1
"Cincinnati, OH-KY-IN (MSA)",2021,4.4
"Miami-Fort Lauderdale-West Palm Beach, FL (MSA)",2021,5.1
"Washington-Arlington-Alexandria, DC-VA-MD-WV (MSA)",2021,4.7
"Portland-Vancouver-Hillsboro, OR-WA (MSA)",2021,5.1
"Los Angeles-Long Beach-Anaheim, CA (MSA)",2021,8.2
"Pittsburgh, PA (MSA)",2021,6.0
"Charlotte-Concord-Gastonia, NC-SC (MSA)",2021,4.6
"Memphis, TN-MS-AR (MSA)",2021,6.3
"San Francisco-Oakland-Hayward, CA (MSA)",2021,5.6
"Orlando-Kissimmee-Sanford, FL (MSA)",2021,5.1
"Cleveland-Elyria, OH (MSA)",2021,5.7
"Indianapolis-Carmel-Anderson, IN (MSA)",2021,3.8
"Raleigh, NC (MSA)",2021,4.1
"San Jose-Sunnyvale-Santa Clara, CA (MSA)",2021,4.9
"Reno, NV (MSA)",2021,4.1
"Birmingham-Hoover, AL (MSA)",2021,3.1
"San Antonio-New Braunfels, TX (MSA)",2021,5.2
"Richmond, VA (MSA)",2021,4.2
"Albuquerque, NM (MSA)",2021,6.6
"Grand Rapids-Wyoming, MI (MSA)",2021,4.6
"Omaha-Council Bluffs, NE-IA (MSA)",2021,3.1
"Baltimore-Columbia-Towson, MD (MSA)",2021,5.0
"Rochester, NY (MSA)",2021,5.0
"San Diego-Carlsbad, CA (MSA)",2021,6.5
"Flint, MI (MSA)",2021,7.5
"Lexington-Fayette, KY (MSA)",2021,3.7
"Tucson, AZ (MSA)",2021,5.1
"Oklahoma City, OK (MSA)",2021,3.9
"Boise City, ID (MSA)",2021,3.4
"Ames, IA (MSA)",2021,2.7
"Madison, WI (MSA)",2021,2.9
"New Orleans-Metairie, LA (MSA)",2021,6.4
"Columbus, OH (MSA)",2021,4.7
"Bismarck, ND (MSA)",2021,2.8
"Philadelphia-Camden-Wilmington, PA-NJ-DE-MD (MSA)",2021,6.1
"Buffalo-Cheektowaga-Niagara Falls, NY (MSA)",2021,5.5
"Visalia-Porterville, CA (MSA)",2021,10.6
"Salt Lake City, UT (MSA)",2021,2.8
"Davenport-Moline-Rock Island, IA-IL (MSA)",2021,5.2
"Dallas-Fort Worth-Arlington, TX (MSA)",2022,3.5
"Seattle-Tacoma-Bellevue, WA (MSA)",2022,3.4
"Austin-Round Rock, TX (MSA)",2022,2.9
"Chicago-Naperville-Elgin, IL-IN-WI (MSA)",2022,4.6
"St. Louis, MO-IL (MSA)",2022,2.8
"Tampa-St. Petersburg-Clearwater, FL (MSA)",2022,2.8
"Las Vegas-Henderson-Paradise, NV (MSA)",2022,6.0
"Detroit-Warren-Dearborn, MI (MSA)",2022,3.8
"Denver-Aurora-Lakewood, CO (MSA)",2022,3.0
"Jacksonville, FL (MSA)",2022,2.8
"Atlanta-Sandy Springs-Roswell, GA (MSA)",2022,2.9
"Minneapolis-St. Paul-Bloomington, MN-WI (MSA)",2022,2.6
"Phoenix-Mesa-Scottsdale, AZ (MSA)",2022,3.4
"New York-Newark-Jersey City, NY-NJ-PA (MSA)",2022,4.3
"Kansas City, MO-KS (MSA)",2022,2.6
"Cincinnati, OH-KY-IN (MSA)",2022,3.5
"Miami-Fort Lauderdale-West Palm Beach, FL (MSA)",2022,2.8
"Washington-Arlington-Alexandria, DC-VA-MD-WV (MSA)",2022,3.0
"Portland-Vancouver-Hillsboro, OR-WA (MSA)",2022,4.0
"Los Angeles-Long Beach-Anaheim, CA (MSA)",2022,4.5
"Pittsburgh, PA (MSA)",2022,4.5
"Charlotte-Concord-Gastonia, NC-SC (MSA)",2022,3.4
"Memphis, TN-MS-AR (MSA)",2022,4.2
"San Francisco-Oakland-Hayward, CA (MSA)",2022,3.0
"Orlando-Kissimmee-Sanford, FL (MSA)",2022,2.9
"Cleveland-Elyria, OH (MSA)",2022,4.7
"Indianapolis-Carmel-Anderson, IN (MSA)",2022,2.8
"Raleigh, NC (MSA)",2022,3.1
"San Jose-Sunnyvale-Santa Clara, CA (MSA)",2022,2.7
"Reno, NV (MSA)",2022,3.5
"Birmingham-Hoover, AL (MSA)",2022,2.4
"San Antonio-New Braunfels, TX (MSA)",2022,3.6
"Richmond, VA (MSA)",2022,3.0
"Albuquerque, NM (MSA)",2022,3.7
"Grand Rapids-Wyoming, MI (MSA)",2022,3.5
"Omaha-Council Bluffs, NE-IA (MSA)",2022,2.6
"Baltimore-Columbia-Towson, MD (MSA)",2022,3.2
"Rochester, NY (MSA)",2022,3.4
"San Diego-Carlsbad, CA (MSA)",2022,3.4
"Flint, MI (MSA)",2022,5.6
"Lexington-Fayette, KY (MSA)",2022,3.1
"Tucson, AZ (MSA)",2022,3.8
"Oklahoma City, OK (MSA)",2022,2.8
"Boise City, ID (MSA)",2022,2.5
"Ames, IA (MSA)",2022,2.0
"Madison, WI (MSA)",2022,2.2
"New Orleans-Metairie, LA (MSA)",2022,3.8
"Columbus, OH (MSA)",2022,3.4
"Bismarck, ND (MSA)",2022,2.1
"Philadelphia-Camden-Wilmington, PA-NJ-DE-MD (MSA)",2022,4.1
"Buffalo-Cheektowaga-Niagara Falls, NY (MSA)",2022,3.6
"Visalia-Porterville, CA (MSA)",2022,8.2
"Salt Lake City, UT (MSA)",2022,2.3
"Davenport-Moline-Rock Island, IA-IL (MSA)",2022,3.8
