MSA,Primary City in MSA,,Year,Studio Rental Price,1BR Rental Price,2BR Rental Price,3BR Rental Price,4BR Rental Price
"Atlanta-Sandy Springs-Roswell, GA HUD Metro FMR Area",Atlanta,GA,2022,1205,1226,1397,1730,2115
"Atlanta-Sandy Springs-Roswell, GA HUD Metro FMR Area",Atlanta,GA,2021,1101,1126,1284,1615,1976
"Atlanta-Sandy Springs-Roswell, GA HUD Metro FMR Area",Atlanta,GA,2020,1065,1096,1248,1592,1951
"Atlanta-Sandy Springs-Roswell, GA HUD Metro FMR Area",Atlanta,GA,2019,1005,1031,1180,1522,1870
"Atlanta-Sandy Springs-Roswell, GA HUD Metro FMR Area",Atlanta,GA,2018,930,957,1099,1432,1760
"Atlanta-Sandy Springs-Roswell, GA HUD Metro FMR Area",Atlanta,GA,2017,871,914,1054,1383,1702
"Atlanta-Sandy Springs-Roswell, GA HUD Metro FMR Area",Atlanta,GA,2016,813,873,1010,1334,1630
"Atlanta-Sandy Springs-Marietta, GA HUD Metro FMR Area",Atlanta,GA,2015,755,824,977,1294,1572
"Atlanta-Sandy Springs-Marietta, GA HUD Metro FMR Area",Atlanta,GA,2014,738,805,954,1263,1535
"Atlanta-Sandy Springs-Marietta, GA HUD Metro FMR Area",Atlanta,GA,2013,719,784,930,1232,1496
"Atlanta-Sandy Springs-Marietta, GA HUD Metro FMR Area",Atlanta,GA,2012,741,803,893,1087,1186
"Atlanta-Sandy Springs-Marietta, GA HUD Metro FMR Area",Atlanta,GA,2011,764,830,923,1144,1282
"Atlanta-Sandy Springs-Marietta, GA HUD Metro FMR Area",Atlanta,GA,2010,791,859,955,1183,1326
"Atlanta-Sandy Springs-Marietta, GA HUD Metro FMR Area",Atlanta,GA,2009,762,827,920,1140,1278
"Atlanta-Sandy Springs-Marietta, GA HUD Metro FMR Area",Atlanta,GA,2008,715,777,864,1070,1200
"Atlanta-Sandy Springs-Marietta, GA HUD Metro FMR Area",Atlanta,GA,2007,693,752,837,1037,1163
"Atlanta-Sandy Springs-Marietta, GA HUD Metro FMR Area",Atlanta,GA,2006,677,735,818,1014,1136
"Austin-Round Rock, TX MSA",Austin,TX,2022,1177,1333,1565,2013,2367
"Austin-Round Rock, TX MSA",Austin,TX,2021,1144,1309,1549,1997,2384
"Austin-Round Rock, TX MSA",Austin,TX,2020,1062,1220,1458,1896,2288
"Austin-Round Rock, TX MSA",Austin,TX,2019,1004,1170,1417,1869,2262
"Austin-Round Rock, TX MSA",Austin,TX,2018,928,1104,1350,1812,2178
"Austin-Round Rock, TX MSA",Austin,TX,2017,859,1041,1285,1741,2095
"Austin-Round Rock, TX MSA",Austin,TX,2016,791,965,1204,1629,1973
"Austin-Round Rock-San Marcos, TX MSA",Austin,TX,2015,723,886,1115,1509,1829
"Austin-Round Rock-San Marcos, TX MSA",Austin,TX,2014,696,853,1074,1454,1762
"Austin-Round Rock-San Marcos, TX MSA",Austin,TX,2013,681,834,1050,1421,1723
"Austin-Round Rock-San Marcos, TX MSA",Austin,TX,2012,713,812,989,1331,1516
"Austin-Round Rock-San Marcos, TX MSA",Austin,TX,2011,738,840,1026,1395,1614
"Austin-Round Rock, TX MSA",Austin,TX,2010,731,833,1017,1383,1600
"Austin-Round Rock, TX MSA",Austin,TX,2009,699,796,972,1322,1529
"Austin-Round Rock, TX MSA",Austin,TX,2008,672,766,935,1272,1471
"Austin-Round Rock, TX MSA",Austin,TX,2007,601,685,836,1137,1315
"Austin-Round Rock, TX MSA",Austin,TX,2006,578,658,804,1093,1265
"Baltimore-Columbia-Towson, MD MSA",Baltimore,MD,2022,1037,1223,1518,1968,2258
"Baltimore-Columbia-Towson, MD MSA",Baltimore,MD,2021,997,1213,1505,1950,2233
"Baltimore-Columbia-Towson, MD MSA",Baltimore,MD,2020,970,1195,1488,1926,2202
"Baltimore-Columbia-Towson, MD MSA",Baltimore,MD,2019,931,1159,1449,1870,2151
"Baltimore-Columbia-Towson, MD MSA",Baltimore,MD,2018,918,1125,1411,1815,2108
"Baltimore-Columbia-Towson, MD MSA",Baltimore,MD,2017,903,1097,1376,1769,2072
"Baltimore-Columbia-Towson, MD MSA",Baltimore,MD,2016,851,1033,1298,1663,1934
"Baltimore-Towson, MD HUD Metro FMR Area",Baltimore,MD,2015,833,985,1232,1574,1713
"Baltimore-Towson, MD HUD Metro FMR Area",Baltimore,MD,2014,847,1001,1252,1599,1741
"Baltimore-Towson, MD HUD Metro FMR Area",Baltimore,MD,2013,846,1000,1251,1598,1740
"Baltimore-Towson, MD HUD Metro FMR Area",Baltimore,MD,2012,907,1025,1231,1581,1952
"Baltimore-Towson, MD HUD Metro FMR Area",Baltimore,MD,2011,931,1052,1263,1622,2003
"Baltimore-Towson, MD HUD Metro FMR Area",Baltimore,MD,2010,887,1002,1203,1545,1908
"Baltimore-Towson, MD HUD Metro FMR Area",Baltimore,MD,2009,826,934,1121,1439,1778
"Baltimore-Towson, MD HUD Metro FMR Area",Baltimore,MD,2008,747,844,1013,1301,1607
"Baltimore-Towson, MD HUD Metro FMR Area",Baltimore,MD,2007,694,784,941,1208,1492
"Baltimore-Towson, MD HUD Metro FMR Area",Baltimore,MD,2006,700,791,950,1220,1507
"Birmingham-Hoover, AL HUD Metro FMR Area",Birmingham,AL,2022,834,895,1029,1331,1436
"Birmingham-Hoover, AL HUD Metro FMR Area",Birmingham,AL,2021,891,950,1093,1421,1537
"Birmingham-Hoover, AL HUD Metro FMR Area",Birmingham,AL,2020,875,937,1073,1404,1551
"Birmingham-Hoover, AL HUD Metro FMR Area",Birmingham,AL,2019,763,824,943,1247,1385
"Birmingham-Hoover, AL HUD Metro FMR Area",Birmingham,AL,2018,749,832,955,1273,1424
"Birmingham-Hoover, AL HUD Metro FMR Area",Birmingham,AL,2017,719,812,937,1258,1405
"Birmingham-Hoover, AL HUD Metro FMR Area",Birmingham,AL,2016,666,790,914,1234,1360
"Birmingham-Hoover, AL HUD Metro FMR Area",Birmingham,AL,2015,595,712,844,1109,1247
"Birmingham-Hoover, AL HUD Metro FMR Area",Birmingham,AL,2014,572,684,811,1065,1198
"Birmingham-Hoover, AL HUD Metro FMR Area",Birmingham,AL,2013,605,723,857,1126,1266
"Birmingham-Hoover, AL HUD Metro FMR Area",Birmingham,AL,2012,656,729,813,1032,1062
"Birmingham-Hoover, AL HUD Metro FMR Area",Birmingham,AL,2011,649,746,832,1060,1137
"Birmingham-Hoover, AL HUD Metro FMR Area",Birmingham,AL,2010,622,715,797,1015,1089
"Birmingham-Hoover, AL HUD Metro FMR Area",Birmingham,AL,2009,590,679,757,964,1035
"Birmingham-Hoover, AL HUD Metro FMR Area",Birmingham,AL,2008,584,672,749,954,1024
"Birmingham-Hoover, AL HUD Metro FMR Area",Birmingham,AL,2007,483,555,619,789,846
"Birmingham-Hoover, AL HUD Metro FMR Area",Birmingham,AL,2006,464,534,595,758,813
"Buffalo-Cheektowaga-Niagara Falls, NY MSA",Buffalo,NY,2022,829,870,1031,1274,1428
"Buffalo-Cheektowaga-Niagara Falls, NY MSA",Buffalo,NY,2021,794,824,982,1221,1370
"Buffalo-Cheektowaga-Niagara Falls, NY MSA",Buffalo,NY,2020,712,743,891,1110,1258
"Buffalo-Cheektowaga-Niagara Falls, NY MSA",Buffalo,NY,2019,713,738,890,1115,1279
"Buffalo-Cheektowaga-Niagara Falls, NY MSA",Buffalo,NY,2018,683,704,852,1068,1240
"Buffalo-Cheektowaga-Niagara Falls, NY MSA",Buffalo,NY,2017,700,708,861,1094,1264
"Buffalo-Cheektowaga-Niagara Falls, NY MSA",Buffalo,NY,2016,624,664,801,1018,1165
"Buffalo-Niagara Falls, NY MSA",Buffalo,NY,2015,614,652,812,1038,1175
"Buffalo-Niagara Falls, NY MSA",Buffalo,NY,2014,571,607,755,965,1092
"Buffalo-Niagara Falls, NY MSA",Buffalo,NY,2013,589,625,778,994,1125
"Buffalo-Niagara Falls, NY MSA",Buffalo,NY,2012,631,632,759,939,1037
"Buffalo-Niagara Falls, NY MSA",Buffalo,NY,2011,634,639,764,950,1060
"Buffalo-Niagara Falls, NY MSA",Buffalo,NY,2010,636,640,766,953,1062
"Buffalo-Niagara Falls, NY MSA",Buffalo,NY,2009,632,636,761,947,1056
"Buffalo-Niagara Falls, NY MSA",Buffalo,NY,2008,614,619,740,921,1026
"Buffalo-Niagara Falls, NY MSA",Buffalo,NY,2007,545,549,657,817,911
"Buffalo-Niagara Falls, NY MSA",Buffalo,NY,2006,519,523,625,778,867
"Chicago-Joliet-Naperville, IL HUD Metro FMR Area",Chicago,IL,2022,1150,1261,1456,1844,2193
"Chicago-Joliet-Naperville, IL HUD Metro FMR Area",Chicago,IL,2021,1104,1224,1417,1799,2147
"Chicago-Joliet-Naperville, IL HUD Metro FMR Area",Chicago,IL,2020,1045,1177,1365,1734,2065
"Chicago-Joliet-Naperville, IL HUD Metro FMR Area",Chicago,IL,2019,998,1140,1323,1683,2013
"Chicago-Joliet-Naperville, IL HUD Metro FMR Area",Chicago,IL,2018,953,1099,1279,1626,1944
"Chicago-Joliet-Naperville, IL HUD Metro FMR Area",Chicago,IL,2017,912,1055,1232,1569,1878
"Chicago-Joliet-Naperville, IL HUD Metro FMR Area",Chicago,IL,2016,860,1001,1176,1494,1780
"Chicago-Joliet-Naperville, IL HUD Metro FMR Area",Chicago,IL,2015,812,922,1093,1393,1624
"Chicago-Joliet-Naperville, IL HUD Metro FMR Area",Chicago,IL,2014,775,881,1044,1331,1552
"Chicago-Joliet-Naperville, IL HUD Metro FMR Area",Chicago,IL,2013,768,872,1034,1318,1537
"Chicago-Joliet-Naperville, IL HUD Metro FMR Area",Chicago,IL,2012,801,917,1030,1259,1422
"Chicago-Joliet-Naperville, IL HUD Metro FMR Area",Chicago,IL,2011,790,904,1016,1242,1403
"Chicago-Naperville-Joliet, IL HUD Metro FMR Area",Chicago,IL,2010,790,903,1015,1240,1402
"Chicago-Naperville-Joliet, IL HUD Metro FMR Area",Chicago,IL,2009,781,894,1004,1227,1387
"Chicago-Naperville-Joliet, IL HUD Metro FMR Area",Chicago,IL,2008,734,840,944,1154,1304
"Chicago-Naperville-Joliet, IL HUD Metro FMR Area",Chicago,IL,2007,727,832,935,1143,1291
"Chicago-Naperville-Joliet, IL HUD Metro FMR Area",Chicago,IL,2006,701,802,901,1102,1244
"Cleveland-Elyria, OH MSA",Cleveland,OH,2022,674,781,952,1246,1305
"Cleveland-Elyria, OH MSA",Cleveland,OH,2021,640,754,925,1216,1271
"Cleveland-Elyria, OH MSA",Cleveland,OH,2020,627,740,910,1200,1258
"Cleveland-Elyria, OH MSA",Cleveland,OH,2019,607,723,892,1176,1235
"Cleveland-Elyria, OH MSA",Cleveland,OH,2018,567,678,840,1105,1167
"Cleveland-Elyria, OH MSA",Cleveland,OH,2017,561,671,836,1099,1164
"Cleveland-Elyria, OH MSA",Cleveland,OH,2016,535,658,829,1091,1151
"Cleveland-Elyria-Mentor, OH MSA",Cleveland,OH,2015,536,643,815,1092,1127
"Cleveland-Elyria-Mentor, OH MSA",Cleveland,OH,2014,526,632,801,1073,1108
"Cleveland-Elyria-Mentor, OH MSA",Cleveland,OH,2013,519,623,790,1058,1093
"Cleveland-Elyria-Mentor, OH MSA",Cleveland,OH,2012,554,643,775,994,1056
"Cleveland-Elyria-Mentor, OH MSA",Cleveland,OH,2011,564,643,783,1027,1102
"Cleveland-Elyria-Mentor, OH MSA",Cleveland,OH,2010,557,635,773,1013,1088
"Cleveland-Elyria-Mentor, OH MSA",Cleveland,OH,2009,537,612,746,978,1050
"Cleveland-Elyria-Mentor, OH MSA",Cleveland,OH,2008,559,637,776,1017,1093
"Cleveland-Elyria-Mentor, OH MSA",Cleveland,OH,2007,541,617,751,985,1057
"Cleveland-Elyria-Mentor, OH MSA",Cleveland,OH,2006,524,598,728,954,1025
"Columbus, OH HUD Metro FMR Area",Columbus,OH,2022,782,888,1105,1372,1526
"Columbus, OH HUD Metro FMR Area",Columbus,OH,2021,768,886,1105,1391,1574
"Columbus, OH HUD Metro FMR Area",Columbus,OH,2020,726,851,1063,1352,1553
"Columbus, OH HUD Metro FMR Area",Columbus,OH,2019,688,815,1024,1311,1524
"Columbus, OH HUD Metro FMR Area",Columbus,OH,2018,641,761,970,1242,1450
"Columbus, OH HUD Metro FMR Area",Columbus,OH,2017,617,731,943,1208,1413
"Columbus, OH HUD Metro FMR Area",Columbus,OH,2016,566,679,885,1134,1324
"Columbus, OH HUD Metro FMR Area",Columbus,OH,2015,532,662,861,1110,1284
"Columbus, OH HUD Metro FMR Area",Columbus,OH,2014,527,655,852,1098,1270
"Columbus, OH HUD Metro FMR Area",Columbus,OH,2013,513,638,830,1070,1238
"Columbus, OH HUD Metro FMR Area",Columbus,OH,2012,551,642,811,1020,1109
"Columbus, OH HUD Metro FMR Area",Columbus,OH,2011,571,657,826,1045,1181
"Columbus, OH HUD Metro FMR Area",Columbus,OH,2010,550,633,796,1007,1138
"Columbus, OH HUD Metro FMR Area",Columbus,OH,2009,543,625,786,994,1124
"Columbus, OH HUD Metro FMR Area",Columbus,OH,2008,527,607,763,965,1091
"Columbus, OH HUD Metro FMR Area",Columbus,OH,2007,494,568,715,904,1022
"Columbus, OH HUD Metro FMR Area",Columbus,OH,2006,480,553,695,879,993
"Dallas, TX HUD Metro FMR Area",Dallas,TX,2022,1166,1247,1477,1883,2473
"Dallas, TX HUD Metro FMR Area",Dallas,TX,2021,1121,1235,1473,1902,2516
"Dallas, TX HUD Metro FMR Area",Dallas,TX,2020,1046,1195,1436,1887,2472
"Dallas, TX HUD Metro FMR Area",Dallas,TX,2019,905,1070,1300,1732,2251
"Dallas, TX HUD Metro FMR Area",Dallas,TX,2018,789,948,1163,1563,2004
"Dallas, TX HUD Metro FMR Area",Dallas,TX,2017,745,905,1114,1502,1917
"Dallas, TX HUD Metro FMR Area",Dallas,TX,2016,667,796,986,1337,1692
"Dallas, TX HUD Metro FMR Area",Dallas,TX,2015,651,780,987,1317,1590
"Dallas, TX HUD Metro FMR Area",Dallas,TX,2014,644,772,976,1302,1572
"Dallas, TX HUD Metro FMR Area",Dallas,TX,2013,624,749,947,1264,1526
"Dallas, TX HUD Metro FMR Area",Dallas,TX,2012,696,770,930,1211,1432
"Dallas, TX HUD Metro FMR Area",Dallas,TX,2011,701,780,947,1257,1523
"Dallas, TX HUD Metro FMR Area",Dallas,TX,2010,704,784,952,1263,1531
"Dallas, TX HUD Metro FMR Area",Dallas,TX,2009,670,746,905,1201,1455
"Dallas, TX HUD Metro FMR Area",Dallas,TX,2008,645,718,871,1156,1401
"Dallas, TX HUD Metro FMR Area",Dallas,TX,2007,591,658,798,1059,1283
"Dallas, TX HUD Metro FMR Area",Dallas,TX,2006,575,640,777,1031,1249
"Denver-Aurora-Lakewood, CO MSA",Denver,CO,2022,1341,1480,1800,2416,2714
"Denver-Aurora-Lakewood, CO MSA",Denver,CO,2021,1286,1422,1750,2383,2710
"Denver-Aurora-Lakewood, CO MSA",Denver,CO,2020,1210,1367,1700,2348,2701
"Denver-Aurora-Lakewood, CO MSA",Denver,CO,2019,1118,1308,1638,2302,2674
"Denver-Aurora-Lakewood, CO MSA",Denver,CO,2018,1021,1226,1543,2211,2558
"Denver-Aurora-Lakewood, CO MSA",Denver,CO,2017,844,1031,1305,1896,2196
"Denver-Aurora-Lakewood, CO MSA",Denver,CO,2016,775,965,1227,1788,2083
"Denver-Aurora-Broomfield, CO MSA",Denver,CO,2015,723,893,1156,1696,1967
"Denver-Aurora-Broomfield, CO MSA",Denver,CO,2014,641,792,1025,1504,1744
"Denver-Aurora-Broomfield, CO MSA",Denver,CO,2013,627,774,1002,1470,1705
"Denver-Aurora-Broomfield, CO MSA",Denver,CO,2012,659,751,951,1350,1574
"Denver-Aurora-Broomfield, CO MSA",Denver,CO,2011,698,796,1007,1430,1667
"Denver-Aurora-Broomfield, CO MSA",Denver,CO,2010,638,728,921,1308,1524
"Denver-Aurora, CO MSA",Denver,CO,2009,617,704,891,1265,1475
"Denver-Aurora, CO MSA",Denver,CO,2008,607,692,876,1244,1450
"Denver-Aurora, CO MSA",Denver,CO,2007,630,718,909,1291,1504
"Denver-Aurora, CO MSA",Denver,CO,2006,616,702,889,1262,1471
"Detroit-Warren-Livonia, MI HUD Metro FMR Area",Detroit,MI,2022,786,909,1162,1469,1579
"Detroit-Warren-Livonia, MI HUD Metro FMR Area",Detroit,MI,2021,748,881,1126,1443,1565
"Detroit-Warren-Livonia, MI HUD Metro FMR Area",Detroit,MI,2020,687,822,1051,1361,1480
"Detroit-Warren-Livonia, MI HUD Metro FMR Area",Detroit,MI,2019,665,806,1035,1350,1468
"Detroit-Warren-Livonia, MI HUD Metro FMR Area",Detroit,MI,2018,644,781,1009,1329,1436
"Detroit-Warren-Livonia, MI HUD Metro FMR Area",Detroit,MI,2017,620,752,978,1296,1395
"Detroit-Warren-Livonia, MI HUD Metro FMR Area",Detroit,MI,2016,572,708,928,1234,1327
"Detroit-Warren-Livonia, MI HUD Metro FMR Area",Detroit,MI,2015,548,697,909,1212,1324
"Detroit-Warren-Livonia, MI HUD Metro FMR Area",Detroit,MI,2014,545,693,904,1206,1317
"Detroit-Warren-Livonia, MI HUD Metro FMR Area",Detroit,MI,2013,530,674,879,1172,1281
"Detroit-Warren-Livonia, MI HUD Metro FMR Area",Detroit,MI,2012,628,715,855,1023,1054
"Detroit-Warren-Livonia, MI HUD Metro FMR Area",Detroit,MI,2011,642,712,857,1023,1055
"Detroit-Warren-Livonia, MI HUD Metro FMR Area",Detroit,MI,2010,631,701,843,1007,1038
"Detroit-Warren-Livonia, MI HUD Metro FMR Area",Detroit,MI,2009,641,711,856,1022,1054
"Detroit-Warren-Livonia, MI HUD Metro FMR Area",Detroit,MI,2008,639,709,853,1018,1050
"Detroit-Warren-Livonia, MI HUD Metro FMR Area",Detroit,MI,2007,638,708,852,1017,1049
"Detroit-Warren-Livonia, MI HUD Metro FMR Area",Detroit,MI,2006,619,686,826,986,1017
"Fresno, CA MSA",Fresno,CA,2022,957,963,1210,1710,1966
"Fresno, CA MSA",Fresno,CA,2021,847,907,1134,1608,1862
"Fresno, CA MSA",Fresno,CA,2020,735,838,1043,1485,1726
"Fresno, CA MSA",Fresno,CA,2019,710,818,1016,1449,1684
"Fresno, CA MSA",Fresno,CA,2018,741,819,1018,1453,1699
"Fresno, CA MSA",Fresno,CA,2017,717,759,949,1346,1573
"Fresno, CA MSA",Fresno,CA,2016,706,736,919,1296,1524
"Fresno, CA MSA",Fresno,CA,2015,686,714,901,1266,1477
"Fresno, CA MSA",Fresno,CA,2014,668,695,878,1234,1440
"Fresno, CA MSA",Fresno,CA,2013,709,737,931,1308,1527
"Fresno, CA MSA",Fresno,CA,2012,668,736,869,1264,1362
"Fresno, CA MSA",Fresno,CA,2011,705,780,902,1312,1500
"Fresno, CA MSA",Fresno,CA,2010,689,762,881,1281,1465
"Fresno, CA MSA",Fresno,CA,2009,691,765,884,1285,1470
"Fresno, CA MSA",Fresno,CA,2008,661,731,845,1229,1405
"Fresno, CA MSA",Fresno,CA,2007,594,657,760,1105,1264
"Fresno, CA MSA",Fresno,CA,2006,574,635,734,1067,1221
"Houston-The Woodlands-Sugar Land, TX HUD Metro FMR Area",Houston,TX,2022,1049,1127,1342,1781,2287
"Houston-The Woodlands-Sugar Land, TX HUD Metro FMR Area",Houston,TX,2021,1008,1092,1306,1751,2232
"Houston-The Woodlands-Sugar Land, TX HUD Metro FMR Area",Houston,TX,2020,888,976,1178,1597,2018
"Houston-The Woodlands-Sugar Land, TX HUD Metro FMR Area",Houston,TX,2019,874,976,1188,1624,2041
"Houston-The Woodlands-Sugar Land, TX HUD Metro FMR Area",Houston,TX,2018,830,936,1146,1565,1982
"Houston-The Woodlands-Sugar Land, TX HUD Metro FMR Area",Houston,TX,2017,752,855,1048,1432,1814
"Houston-The Woodlands-Sugar Land, TX HUD Metro FMR Area",Houston,TX,2016,734,830,1018,1386,1772
"Houston-Baytown-Sugar Land, TX HUD Metro FMR Area",Houston,TX,2015,640,771,952,1299,1606
"Houston-Baytown-Sugar Land, TX HUD Metro FMR Area",Houston,TX,2014,623,750,926,1264,1563
"Houston-Baytown-Sugar Land, TX HUD Metro FMR Area",Houston,TX,2013,636,765,945,1290,1595
"Houston-Baytown-Sugar Land, TX HUD Metro FMR Area",Houston,TX,2012,694,772,937,1249,1570
"Houston-Baytown-Sugar Land, TX HUD Metro FMR Area",Houston,TX,2011,690,767,931,1241,1560
"Houston-Baytown-Sugar Land, TX HUD Metro FMR Area",Houston,TX,2010,661,735,892,1189,1495
"Houston-Baytown-Sugar Land, TX HUD Metro FMR Area",Houston,TX,2009,642,714,866,1154,1451
"Houston-Baytown-Sugar Land, TX HUD Metro FMR Area",Houston,TX,2008,631,702,852,1136,1428
"Houston-Baytown-Sugar Land, TX HUD Metro FMR Area",Houston,TX,2007,569,633,768,1024,1287
"Houston-Baytown-Sugar Land, TX HUD Metro FMR Area",Houston,TX,2006,551,612,743,990,1245
"Indianapolis-Carmel, IN HUD Metro FMR Area",Indianapolis,IN,2022,721,833,1001,1313,1552
"Indianapolis-Carmel, IN HUD Metro FMR Area",Indianapolis,IN,2021,722,831,1007,1329,1548
"Indianapolis-Carmel, IN HUD Metro FMR Area",Indianapolis,IN,2020,718,829,1008,1339,1534
"Indianapolis-Carmel, IN HUD Metro FMR Area",Indianapolis,IN,2019,692,799,976,1303,1477
"Indianapolis-Carmel, IN HUD Metro FMR Area",Indianapolis,IN,2018,638,741,907,1213,1379
"Indianapolis-Carmel, IN HUD Metro FMR Area",Indianapolis,IN,2017,630,732,902,1210,1377
"Indianapolis-Carmel-Anderson, IN HUD Metro FMR Area",Indianapolis,IN,2016,589,695,864,1158,1314
"Indianapolis, IN HUD Metro FMR Area",Indianapolis,IN,2015,549,677,842,1123,1310
"Indianapolis, IN HUD Metro FMR Area",Indianapolis,IN,2014,540,666,828,1104,1288
"Indianapolis, IN HUD Metro FMR Area",Indianapolis,IN,2013,530,654,813,1084,1265
"Indianapolis, IN HUD Metro FMR Area",Indianapolis,IN,2012,581,673,799,1034,1094
"Indianapolis, IN HUD Metro FMR Area",Indianapolis,IN,2011,590,685,818,1062,1144
"Indianapolis, IN HUD Metro FMR Area",Indianapolis,IN,2010,585,679,811,1053,1135
"Indianapolis, IN HUD Metro FMR Area",Indianapolis,IN,2009,557,647,773,1003,1081
"Indianapolis, IN HUD Metro FMR Area",Indianapolis,IN,2008,559,650,776,1007,1086
"Indianapolis, IN HUD Metro FMR Area",Indianapolis,IN,2007,535,621,742,963,1038
"Indianapolis, IN HUD Metro FMR Area",Indianapolis,IN,2006,519,603,720,935,1007
"Jacksonville, FL HUD Metro FMR Area",Jacksonville,FL,2022,895,1076,1285,1668,2107
"Jacksonville, FL HUD Metro FMR Area",Jacksonville,FL,2021,801,989,1195,1562,1989
"Jacksonville, FL HUD Metro FMR Area",Jacksonville,FL,2020,750,935,1135,1491,1904
"Jacksonville, FL HUD Metro FMR Area",Jacksonville,FL,2019,680,859,1047,1378,1773
"Jacksonville, FL HUD Metro FMR Area",Jacksonville,FL,2018,647,829,1014,1336,1702
"Jacksonville, FL HUD Metro FMR Area",Jacksonville,FL,2017,662,849,1040,1377,1744
"Jacksonville, FL HUD Metro FMR Area",Jacksonville,FL,2016,658,841,1025,1356,1685
"Jacksonville, FL HUD Metro FMR Area",Jacksonville,FL,2015,671,827,994,1311,1604
"Jacksonville, FL HUD Metro FMR Area",Jacksonville,FL,2014,671,827,994,1311,1604
"Jacksonville, FL HUD Metro FMR Area",Jacksonville,FL,2013,655,807,970,1279,1565
"Jacksonville, FL HUD Metro FMR Area",Jacksonville,FL,2012,712,810,943,1183,1356
"Jacksonville, FL HUD Metro FMR Area",Jacksonville,FL,2011,731,815,956,1220,1419
"Jacksonville, FL HUD Metro FMR Area",Jacksonville,FL,2010,718,800,938,1197,1392
"Jacksonville, FL HUD Metro FMR Area",Jacksonville,FL,2009,726,809,949,1211,1408
"Jacksonville, FL HUD Metro FMR Area",Jacksonville,FL,2008,706,787,923,1178,1370
"Jacksonville, FL HUD Metro FMR Area",Jacksonville,FL,2007,641,715,838,1069,1244
"Jacksonville, FL HUD Metro FMR Area",Jacksonville,FL,2006,617,688,806,1028,1196
"Las Vegas-Henderson-Paradise, NV MSA",Las Vegas,NV,2022,910,1080,1306,1855,2235
"Las Vegas-Henderson-Paradise, NV MSA",Las Vegas,NV,2021,830,997,1217,1742,2105
"Las Vegas-Henderson-Paradise, NV MSA",Las Vegas,NV,2020,774,932,1148,1656,2000
"Las Vegas-Henderson-Paradise, NV MSA",Las Vegas,NV,2019,694,841,1041,1505,1825
"Las Vegas-Henderson-Paradise, NV MSA",Las Vegas,NV,2018,683,833,1034,1504,1812
"Las Vegas-Henderson-Paradise, NV MSA",Las Vegas,NV,2017,669,818,1014,1476,1778
"Las Vegas-Henderson-Paradise, NV MSA",Las Vegas,NV,2016,670,827,1026,1495,1791
"Las Vegas-Paradise, NV MSA",Las Vegas,NV,2015,669,836,1029,1516,1800
"Las Vegas-Paradise, NV MSA",Las Vegas,NV,2014,675,843,1038,1530,1816
"Las Vegas-Paradise, NV MSA",Las Vegas,NV,2013,691,864,1064,1568,1861
"Las Vegas-Paradise, NV MSA",Las Vegas,NV,2012,739,870,1024,1423,1713
"Las Vegas-Paradise, NV MSA",Las Vegas,NV,2011,800,937,1108,1538,1869
"Las Vegas-Paradise, NV MSA",Las Vegas,NV,2010,797,934,1104,1532,1862
"Las Vegas-Paradise, NV MSA",Las Vegas,NV,2009,779,913,1079,1498,1820
"Las Vegas-Paradise, NV MSA",Las Vegas,NV,2008,719,843,996,1382,1680
"Las Vegas-Paradise, NV MSA",Las Vegas,NV,2007,643,754,891,1237,1503
"Las Vegas-Paradise, NV MSA",Las Vegas,NV,2006,622,728,861,1195,1453
"Milwaukee-Waukesha-West Allis, WI MSA",Milwaukee,WI,2022,732,882,1065,1353,1475
"Milwaukee-Waukesha-West Allis, WI MSA",Milwaukee,WI,2021,704,853,1033,1319,1446
"Milwaukee-Waukesha-West Allis, WI MSA",Milwaukee,WI,2020,664,805,975,1245,1377
"Milwaukee-Waukesha-West Allis, WI MSA",Milwaukee,WI,2019,659,800,975,1239,1383
"Milwaukee-Waukesha-West Allis, WI MSA",Milwaukee,WI,2018,650,789,969,1226,1380
"Milwaukee-Waukesha-West Allis, WI MSA",Milwaukee,WI,2017,615,748,927,1168,1311
"Milwaukee-Waukesha-West Allis, WI MSA",Milwaukee,WI,2016,596,723,907,1146,1266
"Milwaukee-Waukesha-West Allis, WI MSA",Milwaukee,WI,2015,579,713,896,1143,1236
"Milwaukee-Waukesha-West Allis, WI MSA",Milwaukee,WI,2014,557,686,862,1100,1189
"Milwaukee-Waukesha-West Allis, WI MSA",Milwaukee,WI,2013,566,698,877,1119,1210
"Milwaukee-Waukesha-West Allis, WI MSA",Milwaukee,WI,2012,590,703,840,1058,1090
"Milwaukee-Waukesha-West Allis, WI MSA",Milwaukee,WI,2011,608,725,866,1091,1124
"Milwaukee-Waukesha-West Allis, WI MSA",Milwaukee,WI,2010,602,718,858,1081,1114
"Milwaukee-Waukesha-West Allis, WI MSA",Milwaukee,WI,2009,589,702,839,1057,1089
"Milwaukee-Waukesha-West Allis, WI MSA",Milwaukee,WI,2008,558,665,795,1002,1032
"Milwaukee-Waukesha-West Allis, WI MSA",Milwaukee,WI,2007,510,608,726,915,942
"Milwaukee-Waukesha-West Allis, WI MSA",Milwaukee,WI,2006,496,591,706,890,916
"Nashville-Davidson--Murfreesboro--Franklin, TN HUD Metro FMR Area",Nashville,TN,2022,1174,1196,1363,1726,2149
"Nashville-Davidson--Murfreesboro--Franklin, TN HUD Metro FMR Area",Nashville,TN,2021,1078,1114,1293,1663,2085
"Nashville-Davidson--Murfreesboro--Franklin, TN HUD Metro FMR Area",Nashville,TN,2020,967,1031,1223,1598,1961
"Nashville-Davidson--Murfreesboro--Franklin, TN HUD Metro FMR Area",Nashville,TN,2019,884,970,1175,1550,1852
"Nashville-Davidson--Murfreesboro--Franklin, TN HUD Metro FMR Area",Nashville,TN,2018,777,867,1065,1411,1662
"Nashville-Davidson--Murfreesboro--Franklin, TN HUD Metro FMR Area",Nashville,TN,2017,740,825,1014,1347,1589
"Nashville-Davidson--Murfreesboro--Franklin, TN HUD Metro FMR Area",Nashville,TN,2016,700,801,980,1301,1518
"Nashville-Davidson--Murfreesboro--Franklin, TN MSA",Nashville,TN,2015,654,755,903,1200,1288
"Nashville-Davidson--Murfreesboro--Franklin, TN MSA",Nashville,TN,2014,653,754,902,1199,1287
"Nashville-Davidson--Murfreesboro--Franklin, TN MSA",Nashville,TN,2013,631,728,871,1158,1243
"Nashville-Davidson--Murfreesboro--Franklin, TN MSA",Nashville,TN,2012,642,733,842,1092,1124
"Nashville-Davidson--Murfreesboro--Franklin, TN MSA",Nashville,TN,2011,662,739,851,1123,1203
"Nashville-Davidson--Murfreesboro--Franklin, TN MSA",Nashville,TN,2010,681,760,875,1155,1237
"Nashville-Davidson--Murfreesboro--Franklin, TN MSA",Nashville,TN,2009,622,694,800,1056,1131
"Nashville-Davidson--Murfreesboro--Franklin, TN MSA",Nashville,TN,2008,591,659,759,1002,1073
"Nashville-Davidson--Murfreesboro, TN HUD Metro FMR Area",Nashville,TN,2007,573,640,737,973,1042
"Nashville-Davidson--Murfreesboro, TN HUD Metro FMR Area",Nashville,TN,2006,551,615,708,935,1001
"Oklahoma City, OK HUD Metro FMR Area",Oklahoma City,OK,2022,762,794,987,1319,1550
"Oklahoma City, OK HUD Metro FMR Area",Oklahoma City,OK,2021,750,785,977,1317,1583
"Oklahoma City, OK HUD Metro FMR Area",Oklahoma City,OK,2020,729,772,965,1311,1604
"Oklahoma City, OK HUD Metro FMR Area",Oklahoma City,OK,2019,678,733,923,1261,1558
"Oklahoma City, OK HUD Metro FMR Area",Oklahoma City,OK,2018,653,713,907,1240,1532
"Oklahoma City, OK HUD Metro FMR Area",Oklahoma City,OK,2017,605,670,858,1178,1444
"Oklahoma City, OK HUD Metro FMR Area",Oklahoma City,OK,2016,576,652,841,1156,1387
"Oklahoma City, OK HUD Metro FMR Area",Oklahoma City,OK,2015,537,624,798,1092,1311
"Oklahoma City, OK HUD Metro FMR Area",Oklahoma City,OK,2014,518,602,770,1054,1265
"Oklahoma City, OK HUD Metro FMR Area",Oklahoma City,OK,2013,535,621,795,1088,1306
"Oklahoma City, OK HUD Metro FMR Area",Oklahoma City,OK,2012,553,603,733,990,1061
"Oklahoma City, OK HUD Metro FMR Area",Oklahoma City,OK,2011,559,604,738,1015,1151
"Oklahoma City, OK HUD Metro FMR Area",Oklahoma City,OK,2010,554,600,732,1007,1142
"Oklahoma City, OK HUD Metro FMR Area",Oklahoma City,OK,2009,551,596,728,1002,1136
"Oklahoma City, OK HUD Metro FMR Area",Oklahoma City,OK,2008,515,557,680,936,1061
"Oklahoma City, OK HUD Metro FMR Area",Oklahoma City,OK,2007,450,486,594,817,927
"Oklahoma City, OK HUD Metro FMR Area",Oklahoma City,OK,2006,432,468,571,786,891
"Phoenix-Mesa-Scottsdale, AZ MSA",Phoenix,AZ,2022,1086,1179,1417,1973,2246
"Phoenix-Mesa-Scottsdale, AZ MSA",Phoenix,AZ,2021,1004,1111,1346,1899,2162
"Phoenix-Mesa-Scottsdale, AZ MSA",Phoenix,AZ,2020,911,1030,1261,1801,2060
"Phoenix-Mesa-Scottsdale, AZ MSA",Phoenix,AZ,2019,797,929,1149,1661,1901
"Phoenix-Mesa-Scottsdale, AZ MSA",Phoenix,AZ,2018,730,870,1082,1574,1813
"Phoenix-Mesa-Scottsdale, AZ MSA",Phoenix,AZ,2017,666,809,1008,1467,1702
"Phoenix-Mesa-Scottsdale, AZ MSA",Phoenix,AZ,2016,635,783,974,1419,1661
"Phoenix-Mesa-Glendale, AZ MSA",Phoenix,AZ,2015,620,782,966,1423,1662
"Phoenix-Mesa-Glendale, AZ MSA",Phoenix,AZ,2014,614,774,957,1410,1647
"Phoenix-Mesa-Glendale, AZ MSA",Phoenix,AZ,2013,593,748,925,1363,1592
"Phoenix-Mesa-Glendale, AZ MSA",Phoenix,AZ,2012,619,721,870,1267,1483
"Phoenix-Mesa-Glendale, AZ MSA",Phoenix,AZ,2011,696,816,984,1434,1710
"Phoenix-Mesa-Scottsdale, AZ MSA",Phoenix,AZ,2010,684,802,967,1409,1681
"Phoenix-Mesa-Scottsdale, AZ MSA",Phoenix,AZ,2009,653,765,923,1345,1604
"Phoenix-Mesa-Scottsdale, AZ MSA",Phoenix,AZ,2008,609,715,862,1256,1498
"Phoenix-Mesa-Scottsdale, AZ MSA",Phoenix,AZ,2007,553,648,782,1139,1359
"Phoenix-Mesa-Scottsdale, AZ MSA",Phoenix,AZ,2006,544,638,770,1122,1338
"Pittsburgh, PA HUD Metro FMR Area",Pittsburgh,PA,2022,824,872,1060,1353,1482
"Pittsburgh, PA HUD Metro FMR Area",Pittsburgh,PA,2021,776,839,1022,1311,1436
"Pittsburgh, PA HUD Metro FMR Area",Pittsburgh,PA,2020,715,787,964,1232,1352
"Pittsburgh, PA HUD Metro FMR Area",Pittsburgh,PA,2019,697,781,965,1225,1344
"Pittsburgh, PA HUD Metro FMR Area",Pittsburgh,PA,2018,667,763,950,1192,1304
"Pittsburgh, PA HUD Metro FMR Area",Pittsburgh,PA,2017,609,707,884,1106,1218
"Pittsburgh, PA HUD Metro FMR Area",Pittsburgh,PA,2016,597,706,889,1103,1219
"Pittsburgh, PA HUD Metro FMR Area",Pittsburgh,PA,2015,593,681,849,1066,1135
"Pittsburgh, PA HUD Metro FMR Area",Pittsburgh,PA,2014,595,682,851,1069,1137
"Pittsburgh, PA HUD Metro FMR Area",Pittsburgh,PA,2013,582,668,833,1046,1113
"Pittsburgh, PA HUD Metro FMR Area",Pittsburgh,PA,2012,543,595,712,885,956
"Pittsburgh, PA HUD Metro FMR Area",Pittsburgh,PA,2011,578,629,759,961,1027
"Pittsburgh, PA HUD Metro FMR Area",Pittsburgh,PA,2010,576,628,757,958,1024
"Pittsburgh, PA HUD Metro FMR Area",Pittsburgh,PA,2009,581,633,763,966,1032
"Pittsburgh, PA HUD Metro FMR Area",Pittsburgh,PA,2008,548,597,720,912,974
"Pittsburgh, PA HUD Metro FMR Area",Pittsburgh,PA,2007,607,662,798,1010,1080
"Pittsburgh, PA HUD Metro FMR Area",Pittsburgh,PA,2006,584,636,767,971,1038
"Raleigh, NC MSA",Raleigh,NC,2022,1117,1155,1316,1632,2133
"Raleigh, NC MSA",Raleigh,NC,2021,1092,1134,1293,1626,2101
"Raleigh, NC MSA",Raleigh,NC,2020,1030,1094,1245,1587,2028
"Raleigh, NC MSA",Raleigh,NC,2019,905,1015,1162,1493,1888
"Raleigh, NC MSA",Raleigh,NC,2018,791,954,1095,1416,1767
"Raleigh, NC MSA",Raleigh,NC,2017,739,914,1055,1375,1691
"Raleigh, NC MSA",Raleigh,NC,2016,683,867,1003,1301,1603
"Raleigh-Cary, NC MSA",Raleigh,NC,2015,700,818,970,1256,1560
"Raleigh-Cary, NC MSA",Raleigh,NC,2014,650,760,901,1167,1449
"Raleigh-Cary, NC MSA",Raleigh,NC,2013,669,782,927,1200,1491
"Raleigh-Cary, NC MSA",Raleigh,NC,2012,709,795,884,1111,1151
"Raleigh-Cary, NC MSA",Raleigh,NC,2011,732,807,898,1165,1311
"Raleigh-Cary, NC MSA",Raleigh,NC,2010,735,811,902,1170,1317
"Raleigh-Cary, NC MSA",Raleigh,NC,2009,683,753,838,1087,1223
"Raleigh-Cary, NC MSA",Raleigh,NC,2008,685,755,840,1089,1226
"Raleigh-Cary, NC MSA",Raleigh,NC,2007,735,811,902,1170,1317
"Raleigh-Cary, NC MSA",Raleigh,NC,2006,707,779,867,1124,1266
"Richmond, VA MSA",Richmond,VA,2022,1097,1120,1276,1670,2001
"Richmond, VA MSA",Richmond,VA,2021,1069,1098,1252,1655,1981
"Richmond, VA MSA",Richmond,VA,2020,963,998,1136,1510,1806
"Richmond, VA MSA",Richmond,VA,2019,950,996,1140,1518,1831
"Richmond, VA MSA",Richmond,VA,2018,924,970,1114,1482,1800
"Richmond, VA MSA",Richmond,VA,2017,886,929,1072,1421,1731
"Richmond, VA MSA",Richmond,VA,2016,847,889,1029,1359,1659
"Richmond, VA HUD Metro FMR Area",Richmond,VA,2015,797,838,993,1306,1582
"Richmond, VA HUD Metro FMR Area",Richmond,VA,2014,790,830,984,1294,1568
"Richmond, VA HUD Metro FMR Area",Richmond,VA,2013,786,826,979,1287,1560
"Richmond, VA HUD Metro FMR Area",Richmond,VA,2012,729,789,882,1177,1405
"Richmond, VA HUD Metro FMR Area",Richmond,VA,2011,791,857,958,1278,1526
"Richmond, VA HUD Metro FMR Area",Richmond,VA,2010,768,832,930,1241,1481
"Richmond, VA HUD Metro FMR Area",Richmond,VA,2009,764,828,925,1234,1474
"Richmond, VA HUD Metro FMR Area",Richmond,VA,2008,719,779,870,1161,1386
"Richmond, VA HUD Metro FMR Area",Richmond,VA,2007,651,705,788,1051,1255
"Richmond, VA HUD Metro FMR Area",Richmond,VA,2006,625,678,757,1010,1206
"Riverside-San Bernardino-Ontario, CA MSA",Riverside,CA,2022,1153,1306,1639,2242,2761
"Riverside-San Bernardino-Ontario, CA MSA",Riverside,CA,2021,1035,1199,1506,2077,2567
"Riverside-San Bernardino-Ontario, CA MSA",Riverside,CA,2020,946,1113,1394,1935,2396
"Riverside-San Bernardino-Ontario, CA MSA",Riverside,CA,2019,895,1068,1335,1861,2310
"Riverside-San Bernardino-Ontario, CA MSA",Riverside,CA,2018,833,1003,1253,1754,2172
"Riverside-San Bernardino-Ontario, CA MSA",Riverside,CA,2017,800,957,1197,1682,2072
"Riverside-San Bernardino-Ontario, CA MSA",Riverside,CA,2016,798,945,1187,1672,2056
"Riverside-San Bernardino-Ontario, CA MSA",Riverside,CA,2015,788,908,1153,1629,1987
"Riverside-San Bernardino-Ontario, CA MSA",Riverside,CA,2014,766,882,1120,1582,1930
"Riverside-San Bernardino-Ontario, CA MSA",Riverside,CA,2013,763,879,1116,1577,1924
"Riverside-San Bernardino-Ontario, CA MSA",Riverside,CA,2012,886,974,1149,1617,1886
"Riverside-San Bernardino-Ontario, CA MSA",Riverside,CA,2011,945,1032,1204,1710,1999
"Riverside-San Bernardino-Ontario, CA MSA",Riverside,CA,2010,938,1024,1195,1697,1984
"Riverside-San Bernardino-Ontario, CA MSA",Riverside,CA,2009,952,1040,1213,1722,2014
"Riverside-San Bernardino-Ontario, CA MSA",Riverside,CA,2008,896,979,1142,1622,1896
"Riverside-San Bernardino-Ontario, CA MSA",Riverside,CA,2007,765,835,974,1383,1617
"Riverside-San Bernardino-Ontario, CA MSA",Riverside,CA,2006,715,781,911,1294,1512
"Sacramento--Roseville--Arden-Arcade, CA HUD Metro FMR Area",Sacramento,CA,2022,1189,1319,1657,2354,2819
"Sacramento--Roseville--Arden-Arcade, CA HUD Metro FMR Area",Sacramento,CA,2021,1138,1276,1606,2298,2781
"Sacramento--Roseville--Arden-Arcade, CA HUD Metro FMR Area",Sacramento,CA,2020,1025,1154,1453,2096,2551
"Sacramento--Roseville--Arden-Arcade, CA HUD Metro FMR Area",Sacramento,CA,2019,916,1040,1311,1896,2303
"Sacramento--Roseville--Arden-Arcade, CA HUD Metro FMR Area",Sacramento,CA,2018,807,916,1157,1683,2038
"Sacramento--Roseville--Arden-Arcade, CA HUD Metro FMR Area",Sacramento,CA,2017,768,876,1105,1609,1947
"Sacramento--Roseville--Arden-Arcade, CA HUD Metro FMR Area",Sacramento,CA,2016,754,869,1094,1594,1910
"Sacramento--Arden-Arcade--Roseville, CA HUD Metro FMR Area",Sacramento,CA,2015,726,865,1086,1600,1923
"Sacramento--Arden-Arcade--Roseville, CA HUD Metro FMR Area",Sacramento,CA,2014,717,854,1072,1580,1899
"Sacramento--Arden-Arcade--Roseville, CA HUD Metro FMR Area",Sacramento,CA,2013,717,855,1073,1581,1900
"Sacramento--Arden-Arcade--Roseville, CA HUD Metro FMR Area",Sacramento,CA,2012,736,837,1021,1473,1689
"Sacramento--Arden-Arcade--Roseville, CA HUD Metro FMR Area",Sacramento,CA,2011,797,909,1083,1578,1839
"Sacramento--Arden-Arcade--Roseville, CA HUD Metro FMR Area",Sacramento,CA,2010,789,899,1072,1562,1820
"Sacramento--Arden-Arcade--Roseville, CA HUD Metro FMR Area",Sacramento,CA,2009,790,901,1074,1565,1824
"Sacramento--Arden-Arcade--Roseville, CA HUD Metro FMR Area",Sacramento,CA,2008,760,866,1032,1504,1752
"Sacramento--Arden-Arcade--Roseville, CA HUD Metro FMR Area",Sacramento,CA,2007,768,875,1043,1520,1771
"Sacramento--Arden-Arcade--Roseville, CA HUD Metro FMR Area",Sacramento,CA,2006,742,846,1008,1469,1712
"Salt Lake City, UT HUD Metro FMR Area",Salt Lake City,UT,2022,992,1195,1425,1979,2219
"Salt Lake City, UT HUD Metro FMR Area",Salt Lake City,UT,2021,889,1073,1291,1812,2029
"Salt Lake City, UT HUD Metro FMR Area",Salt Lake City,UT,2020,839,1024,1249,1752,1986
"Salt Lake City, UT HUD Metro FMR Area",Salt Lake City,UT,2019,751,923,1140,1610,1832
"Salt Lake City, UT HUD Metro FMR Area",Salt Lake City,UT,2018,705,881,1093,1557,1785
"Salt Lake City, UT HUD Metro FMR Area",Salt Lake City,UT,2017,675,837,1042,1500,1719
"Salt Lake City, UT HUD Metro FMR Area",Salt Lake City,UT,2016,634,797,987,1421,1658
"Salt Lake City, UT HUD Metro FMR Area",Salt Lake City,UT,2015,638,766,949,1353,1593
"Salt Lake City, UT HUD Metro FMR Area",Salt Lake City,UT,2014,621,745,924,1318,1551
"Salt Lake City, UT HUD Metro FMR Area",Salt Lake City,UT,2013,595,714,885,1262,1486
"Salt Lake City, UT HUD Metro FMR Area",Salt Lake City,UT,2012,621,675,814,1145,1333
"Salt Lake City, UT HUD Metro FMR Area",Salt Lake City,UT,2011,680,747,884,1264,1478
"Salt Lake City, UT HUD Metro FMR Area",Salt Lake City,UT,2010,671,738,873,1248,1460
"Salt Lake City, UT HUD Metro FMR Area",Salt Lake City,UT,2009,644,708,838,1198,1401
"Salt Lake City, UT HUD Metro FMR Area",Salt Lake City,UT,2008,607,667,789,1128,1319
"Salt Lake City, UT HUD Metro FMR Area",Salt Lake City,UT,2007,574,630,746,1067,1247
"Salt Lake City, UT HUD Metro FMR Area",Salt Lake City,UT,2006,554,609,721,1031,1206
"San Antonio-New Braunfels, TX HUD Metro FMR Area",San Antonio,TX,2022,882,1039,1260,1623,2000
"San Antonio-New Braunfels, TX HUD Metro FMR Area",San Antonio,TX,2021,818,981,1198,1556,1928
"San Antonio-New Braunfels, TX HUD Metro FMR Area",San Antonio,TX,2020,755,916,1131,1476,1820
"San Antonio-New Braunfels, TX HUD Metro FMR Area",San Antonio,TX,2019,738,905,1126,1479,1811
"San Antonio-New Braunfels, TX HUD Metro FMR Area",San Antonio,TX,2018,691,853,1066,1407,1708
"San Antonio-New Braunfels, TX HUD Metro FMR Area",San Antonio,TX,2017,664,819,1028,1357,1631
"San Antonio-New Braunfels, TX HUD Metro FMR Area",San Antonio,TX,2016,636,788,990,1302,1524
"San Antonio-New Braunfels, TX HUD Metro FMR Area",San Antonio,TX,2015,588,742,931,1214,1332
"San Antonio-New Braunfels, TX HUD Metro FMR Area",San Antonio,TX,2014,576,726,912,1189,1304
"San Antonio-New Braunfels, TX HUD Metro FMR Area",San Antonio,TX,2013,586,738,927,1209,1326
"San Antonio-New Braunfels, TX HUD Metro FMR Area",San Antonio,TX,2012,590,656,810,1045,1269
"San Antonio-New Braunfels, TX HUD Metro FMR Area",San Antonio,TX,2011,653,722,896,1193,1435
"San Antonio, TX HUD Metro FMR Area",San Antonio,TX,2010,617,683,847,1128,1357
"San Antonio, TX HUD Metro FMR Area",San Antonio,TX,2009,615,679,843,1123,1350
"San Antonio, TX HUD Metro FMR Area",San Antonio,TX,2008,606,670,831,1107,1331
"San Antonio, TX HUD Metro FMR Area",San Antonio,TX,2007,555,613,761,1014,1219
"San Antonio, TX HUD Metro FMR Area",San Antonio,TX,2006,534,590,732,975,1173
"San Diego-Carlsbad, CA MSA",San Diego,CA,2022,1714,1896,2433,3378,4137
"San Diego-Carlsbad, CA MSA",San Diego,CA,2021,1569,1743,2254,3170,3903
"San Diego-Carlsbad, CA MSA",San Diego,CA,2020,1490,1662,2161,3070,3794
"San Diego-Carlsbad, CA MSA",San Diego,CA,2019,1422,1590,2068,2962,3632
"San Diego-Carlsbad, CA MSA",San Diego,CA,2018,1257,1400,1816,2612,3198
"San Diego-Carlsbad, CA MSA",San Diego,CA,2017,1212,1342,1741,2507,3068
"San Diego-Carlsbad, CA MSA",San Diego,CA,2016,1134,1256,1634,2362,2539
"San Diego-Carlsbad-San Marcos, CA MSA",San Diego,CA,2015,1049,1153,1512,2198,2678
"San Diego-Carlsbad-San Marcos, CA MSA",San Diego,CA,2014,1019,1119,1468,2134,2600
"San Diego-Carlsbad-San Marcos, CA MSA",San Diego,CA,2013,1037,1140,1495,2174,2648
"San Diego-Carlsbad-San Marcos, CA MSA",San Diego,CA,2012,1054,1206,1476,2099,2593
"San Diego-Carlsbad-San Marcos, CA MSA",San Diego,CA,2011,1096,1251,1518,2213,2669
"San Diego-Carlsbad-San Marcos, CA MSA",San Diego,CA,2010,1032,1177,1429,2083,2512
"San Diego-Carlsbad-San Marcos, CA MSA",San Diego,CA,2009,1024,1168,1418,2067,2493
"San Diego-Carlsbad-San Marcos, CA MSA",San Diego,CA,2008,978,1117,1355,1976,2382
"San Diego-Carlsbad-San Marcos, CA MSA",San Diego,CA,2007,870,993,1205,1757,2118
"San Diego-Carlsbad-San Marcos, CA MSA",San Diego,CA,2006,836,954,1158,1688,2036
"San Francisco, CA HUD Metro FMR Area",San Francisco,CA,2022,2317,2879,3486,4365,4793
"San Francisco, CA HUD Metro FMR Area",San Francisco,CA,2021,2447,3044,3700,4756,5176
"San Francisco, CA HUD Metro FMR Area",San Francisco,CA,2020,2288,2833,3477,4545,4849
"San Francisco, CA HUD Metro FMR Area",San Francisco,CA,2019,2155,2667,3302,4326,4575
"San Francisco, CA HUD Metro FMR Area",San Francisco,CA,2018,2179,2704,3377,4404,4692
"San Francisco, CA HUD Metro FMR Area",San Francisco,CA,2017,2072,2610,3266,4250,5225
"San Francisco, CA HUD Metro FMR Area",San Francisco,CA,2016,1559,2003,2527,3297,3926
"San Francisco, CA HUD Metro FMR Area",San Francisco,CA,2015,1378,1794,2263,3074,3717
"San Francisco, CA HUD Metro FMR Area",San Francisco,CA,2014,1307,1701,2146,2915,3524
"San Francisco, CA HUD Metro FMR Area",San Francisco,CA,2013,1205,1569,1979,2688,3250
"San Francisco, CA HUD Metro FMR Area",San Francisco,CA,2012,1339,1646,2060,2750,2907
"San Francisco, CA HUD Metro FMR Area",San Francisco,CA,2011,1330,1631,2046,2715,2916
"San Francisco, CA HUD Metro FMR Area",San Francisco,CA,2010,1206,1479,1856,2463,2645
"San Francisco, CA HUD Metro FMR Area",San Francisco,CA,2009,1136,1393,1748,2320,2491
"San Francisco, CA HUD Metro FMR Area",San Francisco,CA,2008,1091,1338,1679,2228,2393
"San Francisco, CA HUD Metro FMR Area",San Francisco,CA,2007,1106,1356,1702,2259,2425
"San Francisco, CA HUD Metro FMR Area",San Francisco,CA,2006,1095,1343,1685,2236,2401
"San Jose-Sunnyvale-Santa Clara, CA HUD Metro FMR Area",San Jose,CA,2022,2362,2663,3158,4060,4639
"San Jose-Sunnyvale-Santa Clara, CA HUD Metro FMR Area",San Jose,CA,2021,2354,2702,3223,4209,4852
"San Jose-Sunnyvale-Santa Clara, CA HUD Metro FMR Area",San Jose,CA,2020,2221,2596,3137,4165,4780
"San Jose-Sunnyvale-Santa Clara, CA HUD Metro FMR Area",San Jose,CA,2019,2062,2446,2999,4045,4642
"San Jose-Sunnyvale-Santa Clara, CA HUD Metro FMR Area",San Jose,CA,2018,1873,2217,2753,3785,4303
"San Jose-Sunnyvale-Santa Clara, CA HUD Metro FMR Area",San Jose,CA,2017,1641,1931,2418,3353,3861
"San Jose-Sunnyvale-Santa Clara, CA HUD Metro FMR Area",San Jose,CA,2016,1471,1726,2175,3029,3379
"San Jose-Sunnyvale-Santa Clara, CA HUD Metro FMR Area",San Jose,CA,2015,1317,1541,1965,2771,3141
"San Jose-Sunnyvale-Santa Clara, CA HUD Metro FMR Area",San Jose,CA,2014,1190,1392,1775,2503,2837
"San Jose-Sunnyvale-Santa Clara, CA HUD Metro FMR Area",San Jose,CA,2013,1160,1357,1730,2440,2766
"San Jose-Sunnyvale-Santa Clara, CA HUD Metro FMR Area",San Jose,CA,2012,1249,1447,1739,2501,2753
"San Jose-Sunnyvale-Santa Clara, CA HUD Metro FMR Area",San Jose,CA,2011,1324,1556,1837,2638,2893
"San Jose-Sunnyvale-Santa Clara, CA HUD Metro FMR Area",San Jose,CA,2010,1165,1369,1616,2321,2545
"San Jose-Sunnyvale-Santa Clara, CA HUD Metro FMR Area",San Jose,CA,2009,1030,1210,1428,2051,2249
"San Jose-Sunnyvale-Santa Clara, CA HUD Metro FMR Area",San Jose,CA,2008,954,1121,1323,1900,2084
"San Jose-Sunnyvale-Santa Clara, CA HUD Metro FMR Area",San Jose,CA,2007,948,1114,1315,1888,2071
"San Jose-Sunnyvale-Santa Clara, CA HUD Metro FMR Area",San Jose,CA,2006,939,1103,1302,1870,2051
"Seattle-Bellevue, WA HUD Metro FMR Area",Seattle,WA,2022,1789,1859,2185,2989,3512
"Seattle-Bellevue, WA HUD Metro FMR Area",Seattle,WA,2021,1659,1741,2076,2903,3421
"Seattle-Bellevue, WA HUD Metro FMR Area",Seattle,WA,2020,1738,1860,2243,3198,3766
"Seattle-Bellevue, WA HUD Metro FMR Area",Seattle,WA,2019,1513,1664,2029,2921,3449
"Seattle-Bellevue, WA HUD Metro FMR Area",Seattle,WA,2018,1456,1633,2006,2904,3438
"Seattle-Bellevue, WA HUD Metro FMR Area",Seattle,WA,2017,1184,1353,1673,2427,2876
"Seattle-Bellevue, WA HUD Metro FMR Area",Seattle,WA,2016,1136,1327,1650,2405,2835
"Seattle-Bellevue, WA HUD Metro FMR Area",Seattle,WA,2015,1053,1246,1533,2259,2715
"Seattle-Bellevue, WA HUD Metro FMR Area",Seattle,WA,2014,828,980,1206,1777,2136
"Seattle-Bellevue, WA HUD Metro FMR Area",Seattle,WA,2013,817,967,1190,1754,2108
"Seattle-Bellevue, WA HUD Metro FMR Area",Seattle,WA,2012,861,981,1181,1669,2038
"Seattle-Bellevue, WA HUD Metro FMR Area",Seattle,WA,2011,919,1048,1263,1800,2218
"Seattle-Bellevue, WA HUD Metro FMR Area",Seattle,WA,2010,818,933,1124,1602,1974
"Seattle-Bellevue, WA HUD Metro FMR Area",Seattle,WA,2009,764,872,1050,1496,1844
"Seattle-Bellevue, WA HUD Metro FMR Area",Seattle,WA,2008,729,832,1002,1428,1760
"Seattle-Bellevue, WA HUD Metro FMR Area",Seattle,WA,2007,660,752,906,1291,1591
"Seattle-Bellevue, WA HUD Metro FMR Area",Seattle,WA,2006,648,739,890,1268,1563
"Tampa-St. Petersburg-Clearwater, FL MSA",Tampa,FL,2022,1125,1197,1452,1867,2299
"Tampa-St. Petersburg-Clearwater, FL MSA",Tampa,FL,2021,1070,1125,1375,1786,2194
"Tampa-St. Petersburg-Clearwater, FL MSA",Tampa,FL,2020,1002,1050,1292,1687,2062
"Tampa-St. Petersburg-Clearwater, FL MSA",Tampa,FL,2019,917,978,1209,1584,1915
"Tampa-St. Petersburg-Clearwater, FL MSA",Tampa,FL,2018,817,899,1116,1466,1768
"Tampa-St. Petersburg-Clearwater, FL MSA",Tampa,FL,2017,762,870,1083,1432,1718
"Tampa-St. Petersburg-Clearwater, FL MSA",Tampa,FL,2016,712,848,1058,1407,1680
"Tampa-St. Petersburg-Clearwater, FL MSA",Tampa,FL,2015,650,815,1022,1364,1633
"Tampa-St. Petersburg-Clearwater, FL MSA",Tampa,FL,2014,643,806,1011,1349,1616
"Tampa-St. Petersburg-Clearwater, FL MSA",Tampa,FL,2013,618,775,972,1297,1553
"Tampa-St. Petersburg-Clearwater, FL MSA",Tampa,FL,2012,724,804,972,1232,1487
"Tampa-St. Petersburg-Clearwater, FL MSA",Tampa,FL,2011,736,824,992,1278,1557
"Tampa-St. Petersburg-Clearwater, FL MSA",Tampa,FL,2010,758,848,1021,1315,1603
"Tampa-St. Petersburg-Clearwater, FL MSA",Tampa,FL,2009,748,838,1008,1298,1583
"Tampa-St. Petersburg-Clearwater, FL MSA",Tampa,FL,2008,698,782,941,1212,1477
"Tampa-St. Petersburg-Clearwater, FL MSA",Tampa,FL,2007,647,725,872,1123,1369
"Tampa-St. Petersburg-Clearwater, FL MSA",Tampa,FL,2006,622,696,838,1079,1316